frame_index,time_sec,token,pc1,pc2,pc3
0,0.0,video_tok_0,1.4174163,2.967543,4.002832
1,0.09994612068965517,video_tok_0,1.2617966,2.9944293,4.034709
2,0.19989224137931033,video_tok_0,1.2196466,2.8427649,4.179624
3,0.2998383620689655,video_tok_0,1.2985117,2.941324,4.1874456
4,0.39978448275862066,video_tok_0,1.2702839,2.9418542,4.2432685
5,0.49973060344827586,video_tok_0,1.2699488,2.913314,4.2709894
6,0.599676724137931,video_tok_0,1.2672535,2.9138446,4.277618
7,0.6996228448275862,video_tok_0,1.2939239,2.8841262,4.2826867
8,0.7995689655172413,video_tok_0,1.275325,2.9176538,4.2751956
9,0.8995150862068966,video_tok_0,1.2635076,2.8629055,4.318074
10,0.9994612068965517,video_tok_0,1.906421,2.5139532,3.7083883
11,1.0994073275862069,video_tok_0,2.1298532,3.167436,3.925172
12,1.199353448275862,video_tok_0,1.9417269,3.4899163,3.880659
13,1.2992995689655171,video_tok_0,1.7463292,3.364523,3.6574392
14,1.3992456896551724,video_tok_0,1.7858232,3.41925,4.163734
15,1.4991918103448276,video_tok_0,1.3476675,4.0168896,4.073437
16,1.5991379310344827,video_tok_0,1.0343878,3.6392019,3.553214
17,1.699084051724138,video_tok_0,0.93170804,3.2808492,3.661534
18,1.7990301724137931,video_tok_0,1.1358182,3.1800866,3.1568408
19,1.8989762931034482,video_tok_0,1.0530344,2.8288424,3.3494222
20,1.9989224137931034,video_tok_0,1.0604508,2.95662,3.0233302
21,2.0988685344827585,video_tok_0,1.3441643,2.9295146,3.2224817
22,2.1988146551724137,video_tok_0,1.5064659,2.3376868,3.2122467
23,2.298760775862069,video_tok_0,1.3342503,2.2364318,3.2042665
24,2.398706896551724,video_tok_0,1.2918253,2.307112,3.2901683
25,2.4986530172413794,video_tok_0,0.8837309,1.9495924,3.5489688
26,2.5985991379310343,video_tok_0,1.1612949,1.8241919,3.486644
27,2.6985452586206895,video_tok_0,0.9733069,1.4978564,2.7485228
28,2.7984913793103448,video_tok_0,1.1204988,1.5061703,2.358626
29,2.8984375,video_tok_0,0.957722,1.6876323,2.872108
30,2.9983836206896552,video_tok_0,1.0643725,2.1168878,3.3113403
31,3.09832974137931,video_tok_0,1.0855566,2.5597286,3.45665
32,3.1982758620689653,video_tok_0,1.0123041,2.4890351,2.452864
33,3.2982219827586206,video_tok_0,0.7702991,2.4213464,2.9365783
34,3.398168103448276,video_tok_0,0.733657,2.4126136,3.1994627
35,3.498114224137931,video_tok_0,0.4393904,1.9871665,2.0204592
36,3.5980603448275863,video_tok_0,0.41801918,1.0653406,2.5463545
37,3.698006465517241,video_tok_0,0.48845285,1.2031571,2.764527
38,3.7979525862068964,video_tok_0,0.42040578,1.0218832,2.474473
39,3.8978987068965516,video_tok_0,0.24983224,0.9772221,2.8663003
40,3.997844827586207,video_tok_0,0.12241628,0.7251466,2.8298514
41,4.097790948275862,video_tok_0,0.13068798,0.620262,2.9290595
42,4.197737068965517,video_tok_0,0.21277165,0.45765734,2.3939505
43,4.297683189655173,video_tok_0,0.018940309,0.37242392,2.665911
44,4.397629310344827,video_tok_0,0.081145905,0.51436764,2.3726282
45,4.497575431034482,video_tok_0,-0.060432393,0.31306764,2.5329728
46,4.597521551724138,video_tok_0,-0.14877868,0.18500939,2.024169
47,4.697467672413793,video_tok_0,-0.17802563,0.106306635,2.2675889
48,4.797413793103448,video_tok_0,-0.064120345,0.039949257,2.7968025
49,4.897359913793103,video_tok_0,-0.31068608,-0.011564067,2.7400932
50,4.997306034482759,video_tok_0,-0.38912356,-0.07628855,2.6648252
51,5.097252155172414,video_tok_0,-0.4280779,-0.054258663,2.5196228
52,5.1971982758620685,video_tok_0,0.0026496667,-0.3046694,2.7315993
53,5.297144396551724,video_tok_0,-0.009846328,-0.5072685,2.9198682
54,5.397090517241379,video_tok_0,-0.14210834,-0.505066,2.974182
55,5.497036637931035,video_tok_0,-0.12757857,-0.34743264,3.0053167
56,5.5969827586206895,video_tok_0,-0.13341512,-0.4096055,2.857751
57,5.696928879310344,video_tok_0,-0.056917895,-0.3018491,2.9511604
58,5.796875,video_tok_0,-0.1344403,-0.22369832,2.4599445
59,5.896821120689655,video_tok_0,0.056481704,-0.067199826,2.4194098
60,5.9967672413793105,video_tok_0,-0.29733396,-0.20633572,2.9225783
61,6.096713362068965,video_tok_0,-0.3214459,-0.5209361,2.8348286
62,6.19665948275862,video_tok_0,-0.053969774,-0.1433366,2.1015232
63,6.296605603448276,video_tok_0,-0.21563631,-0.38652796,1.6673162
64,6.396551724137931,video_tok_0,-0.11698509,-0.44003347,1.9412543
65,6.496497844827586,video_tok_0,-0.45421612,-0.69278806,1.007495
66,6.596443965517241,video_tok_5,-1.0156155,-0.93709415,-0.05498525
67,6.696390086206896,video_tok_5,-2.07755,-1.127815,-0.5172706
68,6.796336206896552,video_tok_5,-1.7902341,-1.1840552,1.0638752
69,6.896282327586206,video_tok_5,-2.0783954,-0.988615,1.0455345
70,6.996228448275862,video_tok_0,-1.3183091,-0.68596,1.0844933
71,7.096174568965517,video_tok_0,-1.077507,-0.53003323,0.7068493
72,7.196120689655173,video_tok_0,-0.5447732,-0.06265782,0.55968267
73,7.296066810344827,video_tok_0,0.14079829,0.66846424,0.54718214
74,7.396012931034482,video_tok_0,0.3368467,0.7430334,0.8006771
75,7.495959051724138,video_tok_0,0.49166623,0.82296205,1.2377433
76,7.595905172413793,video_tok_0,0.6024443,1.1393384,1.3514329
77,7.695851293103448,video_tok_0,0.6063405,1.5536892,1.7286125
78,7.795797413793103,video_tok_0,0.39663568,0.9850073,2.0750113
79,7.895743534482758,video_tok_0,0.15593612,0.72521394,1.9576578
80,7.995689655172414,video_tok_0,0.16562057,0.70480025,2.1243439
81,8.09563577586207,video_tok_0,-0.23751599,0.52203196,1.8489751
82,8.195581896551724,video_tok_0,0.14889413,0.39693636,1.1806113
83,8.295528017241379,video_tok_0,-0.027498139,-0.10121371,1.0454501
84,8.395474137931034,video_tok_0,0.10696515,0.046267275,0.8775489
85,8.495420258620689,video_tok_0,-0.24316525,-0.5091456,1.2138658
86,8.595366379310345,video_tok_0,-0.18724856,-0.6147881,1.0620216
87,8.6953125,video_tok_0,-0.3729742,-0.37600106,0.7584436
88,8.795258620689655,video_tok_0,-0.40192342,-0.31983504,0.52856225
89,8.89520474137931,video_tok_0,-0.53652376,-0.33064324,0.5610253
90,8.995150862068964,video_tok_0,-0.2859275,-0.051446516,0.53050345
91,9.095096982758621,video_tok_0,0.14399305,0.7250562,0.48022658
92,9.195043103448276,video_tok_0,0.18333307,0.6541614,0.38362262
93,9.29498922413793,video_tok_0,0.1958624,0.8634636,0.73150796
94,9.394935344827585,video_tok_0,0.2202414,0.7928184,0.5901147
95,9.49488146551724,video_tok_0,0.50806445,1.1610857,0.987636
96,9.594827586206897,video_tok_0,0.7133305,1.3744507,1.1051742
97,9.694773706896552,video_tok_0,0.5958139,1.5570836,1.6215075
98,9.794719827586206,video_tok_0,1.0324869,1.927877,1.530675
99,9.894665948275861,video_tok_0,0.88177836,2.169858,2.175241
100,9.994612068965518,video_tok_0,0.86526775,1.7896258,1.8783655
101,10.094558189655173,video_tok_0,0.7664414,1.6599549,1.5187073
102,10.194504310344827,video_tok_0,0.7174845,1.516735,1.8800014
103,10.294450431034482,video_tok_0,0.6365968,1.2096237,1.1430631
104,10.394396551724137,video_tok_0,0.1806906,0.7245229,1.5995238
105,10.494342672413794,video_tok_0,0.173547,0.6378714,1.7536601
106,10.594288793103448,video_tok_0,0.21173161,0.68486947,1.2871627
107,10.694234913793103,video_tok_0,0.05097689,0.67898494,1.3666595
108,10.794181034482758,video_tok_0,0.0173792,0.20702116,1.8032146
109,10.894127155172413,video_tok_0,0.07134326,0.39274934,0.99802107
110,10.99407327586207,video_tok_0,-0.041042335,0.3732964,1.1956779
111,11.094019396551724,video_tok_0,-0.06169058,0.22990099,0.66368914
112,11.193965517241379,video_tok_0,0.23079084,0.5136924,0.8613598
113,11.293911637931034,video_tok_0,-0.02110668,0.07500766,1.191984
114,11.393857758620689,video_tok_0,-0.1613222,-0.11058426,1.5476099
115,11.493803879310345,video_tok_0,-0.15715525,0.19828147,0.6425963
116,11.59375,video_tok_0,-0.017271442,0.40289712,0.95547646
117,11.693696120689655,video_tok_0,-0.29222295,0.118308336,1.2595136
118,11.79364224137931,video_tok_0,-0.26306993,-0.03599346,1.2840539
119,11.893588362068964,video_tok_0,-0.24024364,0.34709913,1.4027642
120,11.993534482758621,video_tok_0,-0.14204195,0.19561817,1.553864
121,12.093480603448276,video_tok_0,0.0070910957,0.4449697,1.36483
122,12.19342672413793,video_tok_0,0.26990998,0.25327212,1.5085192
123,12.293372844827585,video_tok_0,0.11937953,0.5008094,1.2882624
124,12.39331896551724,video_tok_0,0.44386458,0.6430218,1.8124841
125,12.493265086206897,video_tok_0,0.6566825,1.1219914,1.4885049
126,12.593211206896552,video_tok_0,0.50760645,1.1521829,1.5055234
127,12.693157327586206,video_tok_0,0.4681121,1.2956308,1.8029307
128,12.793103448275861,video_tok_0,0.49542692,1.2681865,2.1963286
129,12.893049568965516,video_tok_0,0.6000886,1.3854735,1.7310712
130,12.992995689655173,video_tok_0,0.9198123,1.6738347,1.59296
131,13.092941810344827,video_tok_0,1.126444,2.2098527,1.4249238
132,13.192887931034482,video_tok_0,0.8037021,2.1319005,1.3264105
133,13.292834051724137,video_tok_0,0.67853737,2.066798,1.6150849
134,13.392780172413792,video_tok_0,0.5784566,2.0487795,1.2284586
135,13.492726293103448,video_tok_0,0.5249152,1.7539574,1.9413241
136,13.592672413793103,video_tok_0,0.43636197,1.2531122,1.5471797
137,13.692618534482758,video_tok_0,0.21750914,1.3381456,1.2672611
138,13.792564655172413,video_tok_0,0.45074093,1.2602588,1.7192715
139,13.89251077586207,video_tok_0,0.3799175,1.2911402,1.3479807
140,13.992456896551724,video_tok_0,0.4293095,1.4788383,1.6340393
141,14.092403017241379,video_tok_0,-0.05463418,1.2074018,1.3790311
142,14.192349137931034,video_tok_0,0.18427147,1.262444,2.0090628
143,14.292295258620689,video_tok_0,-0.24514347,0.9870629,1.8138927
144,14.392241379310345,video_tok_0,-0.562662,0.6839854,1.0635564
145,14.4921875,video_tok_0,-0.8616986,0.3468485,1.5559328
146,14.592133620689655,video_tok_0,-0.72373474,0.4582701,1.7845713
147,14.69207974137931,video_tok_0,-0.80795753,0.2961848,1.8115226
148,14.792025862068964,video_tok_0,-0.4702357,0.45659378,1.4130231
149,14.891971982758621,video_tok_0,-0.2961082,0.64831156,1.6453755
150,14.991918103448276,video_tok_0,-0.23441184,0.9677233,2.0740426
151,15.09186422413793,video_tok_0,-0.16066045,1.2192955,1.6643583
152,15.191810344827585,video_tok_0,0.40756994,1.7967441,1.0778517
153,15.29175646551724,video_tok_0,0.07236429,1.0590407,0.27731082
154,15.391702586206897,video_tok_0,0.1939162,1.1857239,0.7742791
155,15.491648706896552,video_tok_0,0.08151991,0.8963941,1.134566
156,15.591594827586206,video_tok_0,0.5022862,1.4377807,0.97255087
157,15.691540948275861,video_tok_0,0.44525185,1.3604419,1.6851953
158,15.791487068965516,video_tok_0,0.30335426,0.7440907,1.0893518
159,15.891433189655173,video_tok_0,-0.10985352,0.45826378,1.5056281
160,15.991379310344827,video_tok_0,0.14453779,0.6118775,1.342924
161,16.091325431034484,video_tok_0,-0.18339254,0.45078886,1.7660432
162,16.19127155172414,video_tok_0,-0.04169986,0.7201935,1.2527981
163,16.291217672413794,video_tok_0,-0.011432027,0.32759544,1.2853258
164,16.39116379310345,video_tok_0,-0.5503183,-0.0147956945,0.8024246
165,16.491109913793103,video_tok_3,-0.53496003,-0.24030551,0.30716005
166,16.591056034482758,video_tok_0,-0.6059765,0.1060402,0.55470973
167,16.691002155172413,video_tok_3,-0.18368751,0.013408665,0.29329714
168,16.790948275862068,video_tok_0,-0.24993272,0.020416137,0.78753954
169,16.890894396551722,video_tok_0,-0.10011899,0.06474671,0.6987405
170,16.990840517241377,video_tok_0,-0.18846738,0.44457415,0.7546604
171,17.090786637931036,video_tok_0,0.009198943,0.70899355,0.38806233
172,17.19073275862069,video_tok_0,0.29376987,0.9041644,0.33616427
173,17.290678879310345,video_tok_0,0.17010702,0.8087198,0.23722285
174,17.390625,video_tok_0,0.22177282,1.0332594,0.5237128
175,17.490571120689655,video_tok_0,0.30811405,1.1280577,0.34641978
176,17.59051724137931,video_tok_0,0.1738633,1.1274629,0.07938514
177,17.690463362068964,video_tok_0,0.28731143,0.71065706,0.44365498
178,17.79040948275862,video_tok_0,0.16641426,0.5759004,0.5258185
179,17.890355603448274,video_tok_0,0.039966594,0.6883959,0.044859562
180,17.99030172413793,video_tok_0,-0.0970084,0.74410313,0.44715562
181,18.090247844827587,video_tok_0,-0.32849044,0.334339,0.35349408
182,18.190193965517242,video_tok_0,-0.09112656,0.3152154,0.820357
183,18.290140086206897,video_tok_0,0.3829402,0.6598434,0.63932663
184,18.39008620689655,video_tok_0,0.3638588,0.5823347,1.3369349
185,18.490032327586206,video_tok_0,0.51156056,0.5240291,1.8525329
186,18.58997844827586,video_tok_0,0.3008696,0.618936,1.545771
187,18.689924568965516,video_tok_0,0.22462416,0.5058929,1.6696261
188,18.78987068965517,video_tok_0,0.29781964,0.5394693,2.0564175
189,18.889816810344826,video_tok_0,0.3060856,0.62093216,1.590635
190,18.98976293103448,video_tok_0,0.24029702,0.4478182,1.7673209
191,19.08970905172414,video_tok_0,0.51461494,0.7863865,1.3356816
192,19.189655172413794,video_tok_0,0.8481684,0.9653381,1.8840826
193,19.28960129310345,video_tok_0,0.76637524,1.1126511,1.6479083
194,19.389547413793103,video_tok_0,0.6577498,1.0261854,1.4704214
195,19.489493534482758,video_tok_0,0.36260518,0.5557027,1.3857268
196,19.589439655172413,video_tok_0,0.69661796,0.7118461,1.1666533
197,19.689385775862068,video_tok_0,0.28437856,0.5777145,1.0047175
198,19.789331896551722,video_tok_0,0.38077688,0.6037046,0.39397553
199,19.889278017241377,video_tok_0,0.202096,0.73053515,-0.10798856
200,19.989224137931036,video_tok_0,0.78880954,1.3434066,0.50878435
201,20.08917025862069,video_tok_0,0.38594425,1.5076162,0.9778788
202,20.189116379310345,video_tok_0,0.49615046,1.7916127,1.190785
203,20.2890625,video_tok_0,0.56660426,1.8297368,1.3407794
204,20.389008620689655,video_tok_0,1.1310997,2.386929,1.6362561
205,20.48895474137931,video_tok_0,1.0389106,2.570342,2.1931248
206,20.588900862068964,video_tok_0,1.0518825,2.8597817,2.0829947
207,20.68884698275862,video_tok_0,1.4444625,3.364098,2.0934267
208,20.788793103448274,video_tok_0,1.2784989,3.7075458,2.224811
209,20.88873922413793,video_tok_0,1.3270167,3.3113174,2.5806813
210,20.988685344827587,video_tok_0,1.4978681,3.4109101,2.2077484
211,21.088631465517242,video_tok_0,1.1093571,2.930557,2.812428
212,21.188577586206897,video_tok_0,1.1545777,2.8413692,2.9525657
213,21.28852370689655,video_tok_0,1.0538862,2.8164568,2.7838984
214,21.388469827586206,video_tok_0,1.0772665,2.6611233,2.5840464
215,21.48841594827586,video_tok_0,1.0979439,2.6145709,2.640349
216,21.588362068965516,video_tok_0,0.9750987,2.0268486,2.0878704
217,21.68830818965517,video_tok_0,0.69912213,1.8266796,1.8119903
218,21.788254310344826,video_tok_0,0.844663,1.6763031,1.3563129
219,21.88820043103448,video_tok_0,0.40908277,1.0487293,1.2366053
220,21.98814655172414,video_tok_0,0.3992872,0.9589989,0.8080225
221,22.088092672413794,video_tok_0,-0.07365178,0.601541,0.61886454
222,22.18803879310345,video_tok_0,0.1201322,0.94184774,0.0808487
223,22.287984913793103,video_tok_0,-0.06997165,0.24533787,0.5742486
224,22.387931034482758,video_tok_0,-0.030747509,0.35855505,0.5545295
225,22.487877155172413,video_tok_0,-0.21241808,-0.3721585,0.32373625
226,22.587823275862068,video_tok_0,-0.4929152,-0.70554465,0.19404034
227,22.687769396551722,video_tok_5,-0.9336747,-1.944352,-0.046349104
228,22.787715517241377,video_tok_5,-1.0494753,-2.57078,-0.558578
229,22.887661637931032,video_tok_5,-1.3870583,-2.716169,-0.23040631
230,22.98760775862069,video_tok_5,-1.416908,-2.5676274,0.1397523
231,23.087553879310345,video_tok_5,-1.4709951,-2.79774,0.3398672
232,23.1875,video_tok_5,-1.8574623,-3.0944705,-0.29109916
233,23.287446120689655,video_tok_5,-2.268035,-3.5524516,-0.63101786
234,23.38739224137931,video_tok_5,-2.536568,-4.261195,-0.71461284
235,23.487338362068964,video_tok_5,-2.685559,-4.5013566,-0.5457427
236,23.58728448275862,video_tok_5,-2.4257488,-4.0707593,-0.79208976
237,23.687230603448274,video_tok_5,-2.6192825,-3.8165364,-0.67590356
238,23.78717672413793,video_tok_5,-2.501647,-3.2538004,-0.6410021
239,23.887122844827587,video_tok_5,-2.5147698,-3.319881,-0.889124
240,23.987068965517242,video_tok_5,-2.425201,-2.866458,-0.5220018
241,24.087015086206897,video_tok_5,-2.6521115,-3.0669718,-0.58960545
242,24.18696120689655,video_tok_5,-2.751525,-3.0644665,-0.9560825
243,24.286907327586206,video_tok_5,-3.0184326,-3.5204,-1.1955801
244,24.38685344827586,video_tok_5,-2.7640738,-3.5769777,-1.3516333
245,24.486799568965516,video_tok_5,-2.8247736,-3.639789,-1.3057712
246,24.58674568965517,video_tok_5,-2.8705297,-3.6883736,-1.5139061
247,24.686691810344826,video_tok_5,-2.643167,-3.4581187,-1.8011845
248,24.78663793103448,video_tok_5,-2.3805547,-3.1839318,-1.7022486
249,24.88658405172414,video_tok_5,-2.2870464,-3.589939,-1.0164753
250,24.986530172413794,video_tok_5,-2.19481,-3.5415485,-0.9756263
251,25.08647629310345,video_tok_5,-2.3024306,-3.7134404,-0.82728904
252,25.186422413793103,video_tok_5,-2.3009675,-3.7394247,-0.8206103
253,25.286368534482758,video_tok_5,-2.385747,-3.9478955,-0.7181686
254,25.386314655172413,video_tok_5,-2.2408366,-3.5776575,-1.1766864
255,25.486260775862068,video_tok_5,-2.2292585,-3.525438,-0.6795284
256,25.586206896551722,video_tok_5,-2.095676,-3.650397,-0.9458562
257,25.686153017241377,video_tok_5,-2.4123595,-4.188026,-0.5776624
258,25.786099137931032,video_tok_5,-2.3564227,-3.6303308,-0.25450453
259,25.88604525862069,video_tok_5,-2.1673498,-3.744349,-0.9900498
260,25.985991379310345,video_tok_5,-1.8818114,-3.391486,-0.7752807
261,26.0859375,video_tok_5,-1.8676841,-3.368242,-0.53051525
262,26.185883620689655,video_tok_5,-1.4304012,-2.6582994,-0.8815305
263,26.28582974137931,video_tok_5,-1.354516,-2.0715237,-0.7065719
264,26.385775862068964,video_tok_5,-1.245441,-1.8961247,-0.91576004
265,26.48572198275862,video_tok_5,-1.083276,-1.838805,-0.40130308
266,26.585668103448274,video_tok_5,-0.9165217,-1.7848188,-0.15044951
267,26.68561422413793,video_tok_5,-1.0070912,-2.0465837,0.18244725
268,26.785560344827584,video_tok_5,-0.7421596,-1.8606408,-0.09706526
269,26.885506465517242,video_tok_5,-0.96949184,-2.130873,0.5149055
270,26.985452586206897,video_tok_5,-0.8076824,-2.047439,0.6229491
271,27.08539870689655,video_tok_5,-1.1133585,-2.2515376,0.47902778
272,27.185344827586206,video_tok_5,-1.1195431,-2.6931527,0.7707091
273,27.28529094827586,video_tok_5,-0.9265673,-2.4112358,0.5808812
274,27.385237068965516,video_tok_5,-0.8621557,-2.3106117,0.8373911
275,27.48518318965517,video_tok_5,-0.80625916,-2.1448455,0.50920004
276,27.585129310344826,video_tok_5,-0.6382687,-2.0630615,0.5921028
277,27.68507543103448,video_tok_5,-0.6615617,-2.0498607,0.60954326
278,27.78502155172414,video_tok_5,-0.7043364,-2.034122,0.9431501
279,27.884967672413794,video_tok_5,-0.79498553,-1.8274945,0.6254413
280,27.98491379310345,video_tok_5,-0.8254116,-2.051169,0.34030503
281,28.084859913793103,video_tok_5,-1.242614,-2.0370905,0.04691262
282,28.184806034482758,video_tok_5,-1.1904972,-2.015139,-0.3820768
283,28.284752155172413,video_tok_5,-1.4344828,-2.1794014,-0.93729997
284,28.384698275862068,video_tok_5,-1.452163,-3.016172,-1.4550664
285,28.484644396551722,video_tok_5,-1.6656058,-3.6544156,-0.7291059
286,28.584590517241377,video_tok_5,-1.6568816,-3.9571352,-0.5866254
287,28.684536637931032,video_tok_5,-1.8676963,-3.6530247,-0.7521709
288,28.78448275862069,video_tok_5,-1.6190474,-3.533881,-0.64902073
289,28.884428879310345,video_tok_5,-1.6284723,-3.2036085,-1.0045804
290,28.984375,video_tok_5,-1.4317638,-3.261643,-0.53079206
291,29.084321120689655,video_tok_5,-1.6323903,-3.270908,-0.90012187
292,29.18426724137931,video_tok_5,-1.3319111,-2.316579,-1.263097
293,29.284213362068964,video_tok_5,-1.3952961,-2.2029,-1.2886147
294,29.38415948275862,video_tok_5,-1.1458565,-1.8446836,-1.3682814
295,29.484105603448274,video_tok_5,-1.2965648,-1.8006815,-1.6007271
296,29.58405172413793,video_tok_5,-1.7603902,-2.5215034,-2.8381908
297,29.683997844827584,video_tok_5,-1.9675956,-3.4090662,-1.5623058
298,29.783943965517242,video_tok_5,-2.0673938,-3.011793,-1.3061231
299,29.883890086206897,video_tok_5,-2.5394459,-3.2538145,-1.994395
300,29.98383620689655,video_tok_5,-2.861758,-3.5171866,-1.5388902
301,30.083782327586206,video_tok_5,-3.4203026,-3.7651472,-1.9856538
302,30.18372844827586,video_tok_5,-3.2096934,-3.6604037,-1.6692964
303,30.283674568965516,video_tok_5,-2.7347357,-3.2452676,-1.5582052
304,30.38362068965517,video_tok_5,-2.696102,-3.1744428,-1.5706143
305,30.483566810344826,video_tok_5,-2.5105834,-3.0296192,-1.2901571
306,30.58351293103448,video_tok_5,-2.4922037,-3.0965383,-1.0780683
307,30.683459051724135,video_tok_5,-2.678915,-3.2210846,-0.9386626
308,30.783405172413794,video_tok_5,-2.5117602,-2.9276037,-1.2549886
309,30.88335129310345,video_tok_5,-2.706419,-2.8108997,-1.2195364
310,30.983297413793103,video_tok_5,-2.7430563,-2.6273773,-1.5908023
311,31.083243534482758,video_tok_5,-3.0367815,-3.6608744,-1.4084505
312,31.183189655172413,video_tok_5,-2.8811412,-3.4058025,-1.3274372
313,31.283135775862068,video_tok_5,-3.419121,-3.9599624,-2.1983035
314,31.383081896551722,video_tok_5,-3.0708032,-3.8202724,-2.6744778
315,31.483028017241377,video_tok_5,-3.419394,-4.3522563,-2.802465
316,31.582974137931032,video_tok_5,-3.225523,-4.1295524,-2.5765266
317,31.68292025862069,video_tok_5,-3.037133,-4.079673,-2.6518373
318,31.782866379310345,video_tok_5,-3.0176346,-3.9448252,-2.639192
319,31.8828125,video_tok_5,-2.65285,-3.4724882,-2.4056313
320,31.982758620689655,video_tok_5,-2.8261065,-3.4237099,-1.8883834
321,32.08270474137931,video_tok_5,-2.5919316,-3.699192,-1.7035544
322,32.18265086206897,video_tok_5,-2.1624646,-3.5851655,-1.3402374
323,32.28259698275862,video_tok_5,-2.1089928,-3.390978,-1.8646251
324,32.38254310344828,video_tok_5,-2.3200972,-3.906549,-1.9013371
325,32.48248922413793,video_tok_5,-2.3754184,-4.268602,-0.89406735
326,32.58243534482759,video_tok_5,-1.7016063,-3.5478978,-0.6757741
327,32.68238146551724,video_tok_5,-1.5342916,-3.3657858,-1.0614854
328,32.7823275862069,video_tok_5,-1.196609,-3.0924945,-0.5546494
329,32.88227370689655,video_tok_5,-1.1764538,-2.995447,-0.1845671
330,32.982219827586206,video_tok_5,-1.0980226,-2.772789,0.10907366
331,33.08216594827586,video_tok_5,-0.78582704,-2.3873467,-0.16428646
332,33.182112068965516,video_tok_5,-1.01109,-2.5806842,-0.25146002
333,33.282058189655174,video_tok_5,-1.0558782,-2.3210108,-0.044398483
334,33.382004310344826,video_tok_5,-0.9607728,-1.9326453,-0.21053047
335,33.481950431034484,video_tok_5,-0.73428404,-2.0364923,-0.0863575
336,33.581896551724135,video_tok_5,-0.8939363,-2.3678262,0.09045804
337,33.681842672413794,video_tok_5,-1.1761323,-2.6280339,0.31957987
338,33.781788793103445,video_tok_5,-1.0122836,-2.8855922,-0.17561466
339,33.8817349137931,video_tok_5,-1.3428758,-3.5930572,0.030722115
340,33.981681034482754,video_tok_5,-1.5274999,-3.7255933,-0.39526746
341,34.08162715517241,video_tok_5,-2.038897,-3.9586964,0.44245672
342,34.18157327586207,video_tok_5,-1.9546082,-3.6286411,0.32489464
343,34.28151939655172,video_tok_5,-1.9836853,-3.7457,0.6862021
344,34.38146551724138,video_tok_5,-1.5265088,-3.2499728,0.6351958
345,34.48141163793103,video_tok_5,-1.7263618,-3.1687381,0.496324
346,34.58135775862069,video_tok_5,-1.4014496,-3.1002007,0.021181274
347,34.68130387931034,video_tok_5,-1.2854786,-3.0314531,-0.011816974
348,34.78125,video_tok_5,-0.9127603,-2.5930467,-0.10752051
349,34.88119612068965,video_tok_5,-0.9775964,-2.899206,0.29267853
350,34.98114224137931,video_tok_5,-0.980454,-3.0194945,0.01645324
351,35.08108836206896,video_tok_5,-0.99485934,-3.1470711,-0.1009508
352,35.18103448275862,video_tok_5,-0.7731625,-2.7695093,-0.52763206
353,35.28098060344828,video_tok_5,-1.287011,-3.1132693,-0.9035214
354,35.38092672413793,video_tok_5,-1.5751054,-3.5020833,-1.1560229
355,35.48087284482759,video_tok_5,-1.6214771,-3.8556032,-1.0383302
356,35.58081896551724,video_tok_5,-1.6115825,-3.5060601,-1.4763283
357,35.6807650862069,video_tok_5,-1.6850878,-3.3113668,-1.4256479
358,35.78071120689655,video_tok_5,-1.7155216,-3.334941,-1.7992951
359,35.880657327586206,video_tok_5,-1.4534314,-3.06689,-1.4205388
360,35.98060344827586,video_tok_5,-1.438789,-3.1169767,-1.4797894
361,36.080549568965516,video_tok_5,-1.6753011,-3.1167266,-1.5203217
362,36.180495689655174,video_tok_5,-1.5550594,-2.8548176,-1.9459542
363,36.280441810344826,video_tok_5,-1.7514052,-3.0872016,-1.1836096
364,36.380387931034484,video_tok_5,-1.549438,-2.659332,-1.4481586
365,36.480334051724135,video_tok_5,-1.543072,-2.8221173,-1.747425
366,36.580280172413794,video_tok_5,-1.3464596,-2.6452532,-1.8483295
367,36.680226293103445,video_tok_3,-1.3614918,-2.6063561,-1.6961578
368,36.7801724137931,video_tok_3,-1.133651,-2.5073135,-2.2123005
369,36.880118534482754,video_tok_3,-1.3755076,-2.7354226,-2.0742757
370,36.98006465517241,video_tok_3,-0.9322989,-2.245717,-2.325583
371,37.08001077586207,video_tok_3,-0.8102019,-1.88214,-1.9508089
372,37.17995689655172,video_tok_3,-0.9017002,-1.2263428,-1.5202572
373,37.27990301724138,video_tok_3,-0.66962254,-0.37098986,-1.6062332
374,37.37984913793103,video_tok_3,-0.78889745,-0.5589919,-1.2366911
375,37.47979525862069,video_tok_3,-0.7182957,-0.6352704,-0.9464102
376,37.57974137931034,video_tok_3,-0.42338765,-0.531343,-1.4809896
377,37.6796875,video_tok_3,-0.8311613,-1.3586203,-0.85505104
378,37.77963362068965,video_tok_3,-0.4611885,-1.1416005,-1.4293636
379,37.87957974137931,video_tok_3,-0.9444903,-1.7655725,-0.8267101
380,37.97952586206896,video_tok_3,-0.68427235,-1.323203,-0.8905322
381,38.07947198275862,video_tok_3,-0.82848835,-1.3526428,-0.6308535
382,38.17941810344828,video_tok_3,-0.94148463,-1.5131377,-1.183281
383,38.27936422413793,video_tok_3,-0.77867556,-1.1113051,-1.0333346
384,38.37931034482759,video_tok_3,-0.9015293,-1.1636093,-1.0499738
385,38.47925646551724,video_tok_3,-1.1371734,-1.6828603,-1.5682056
386,38.5792025862069,video_tok_3,-1.3046846,-1.7827058,-1.3754958
387,38.67914870689655,video_tok_3,-1.2336075,-1.7900027,-1.5970205
388,38.779094827586206,video_tok_3,-1.0608152,-1.7767817,-1.6440076
389,38.87904094827586,video_tok_3,-1.2505014,-2.0604959,-0.9613798
390,38.978987068965516,video_tok_3,-1.2111582,-2.1845362,-0.8473107
391,39.078933189655174,video_tok_3,-1.3676136,-1.8465977,-1.122049
392,39.178879310344826,video_tok_3,-1.0981823,-1.7561833,-1.3714222
393,39.278825431034484,video_tok_3,-1.1004628,-1.6533118,-1.0911098
394,39.378771551724135,video_tok_3,-1.1587946,-1.7615587,-1.6181899
395,39.478717672413794,video_tok_3,-1.072969,-1.6549007,-1.4844122
396,39.578663793103445,video_tok_3,-1.031352,-1.6592115,-1.5670975
397,39.6786099137931,video_tok_3,-0.8307479,-1.2641925,-1.759448
398,39.778556034482754,video_tok_3,-0.8896431,-1.5550541,-1.6398803
399,39.87850215517241,video_tok_3,-0.9022349,-1.4005059,-1.4136772
400,39.97844827586207,video_tok_3,-0.79298425,-0.7318906,-1.3926464
401,40.07839439655172,video_tok_3,-0.90288603,-1.2078958,-1.4966084
402,40.17834051724138,video_tok_3,-0.69704735,-0.89218754,-0.64105314
403,40.27828663793103,video_tok_3,-0.9936899,-1.1176864,-0.60585207
404,40.37823275862069,video_tok_3,-0.6729687,-0.5802208,-0.9853148
405,40.47817887931034,video_tok_3,-0.66854084,-0.50874424,-0.7704546
406,40.578125,video_tok_3,-0.69116426,-0.7824493,-0.82370645
407,40.67807112068965,video_tok_3,-0.89341396,-0.18499365,-0.3961131
408,40.77801724137931,video_tok_3,-0.5698796,-0.038679868,-0.55745083
409,40.87796336206896,video_tok_3,-0.46430054,0.09001544,-1.2547559
410,40.97790948275862,video_tok_3,-0.4266073,-0.029396508,-1.3451284
411,41.07785560344828,video_tok_3,-0.5475594,-0.14874366,-0.28782758
412,41.17780172413793,video_tok_3,-0.02781572,0.7451998,-0.1648249
413,41.27774784482759,video_tok_3,0.04151888,0.7146397,0.25636354
414,41.37769396551724,video_tok_3,0.15076035,0.9580957,0.20625773
415,41.4776400862069,video_tok_3,-0.053641547,0.7783232,-0.218523
416,41.57758620689655,video_tok_3,-0.024110114,0.72380316,0.08327655
417,41.677532327586206,video_tok_3,-0.60234183,0.27690482,-0.3848141
418,41.77747844827586,video_tok_3,-0.7754549,0.06208697,-0.60639405
419,41.877424568965516,video_tok_3,-1.015714,0.37932375,-0.14284888
420,41.977370689655174,video_tok_3,-0.7420079,0.09060733,-0.41011092
421,42.077316810344826,video_tok_3,-0.63727725,0.019352283,-0.5637395
422,42.177262931034484,video_tok_3,-0.32736686,0.80004495,-0.6881393
423,42.277209051724135,video_tok_3,-0.3921504,0.62781245,-0.9708936
424,42.377155172413794,video_tok_3,-0.33086497,0.48065257,-0.75296056
425,42.477101293103445,video_tok_3,-1.0438892,-0.576474,-1.6388469
426,42.5770474137931,video_tok_3,-1.1588849,-0.6539535,-0.57549614
427,42.676993534482754,video_tok_3,-1.4991305,-0.95839524,-0.44939032
428,42.77693965517241,video_tok_3,-1.4189546,-1.142667,-0.9678996
429,42.876885775862064,video_tok_3,-1.982095,-1.6430477,-0.8756729
430,42.97683189655172,video_tok_3,-1.8189878,-1.3123878,-1.8986235
431,43.07677801724138,video_tok_3,-1.9832414,-1.2122369,-1.8684484
432,43.17672413793103,video_tok_3,-2.4484947,-1.3775074,-2.3857746
433,43.27667025862069,video_tok_3,-2.415834,-1.6884142,-2.2966702
434,43.37661637931034,video_tok_3,-1.7411025,-1.0208527,-1.9090006
435,43.4765625,video_tok_3,-1.516581,-1.0961373,-1.7145371
436,43.57650862068965,video_tok_3,-1.2304592,-0.8409408,-2.05991
437,43.67645474137931,video_tok_3,-1.3954176,-1.0494298,-1.6600617
438,43.77640086206896,video_tok_3,-0.96847856,-0.88939273,-2.075001
439,43.87634698275862,video_tok_3,-1.0799063,-1.1948118,-1.6309941
440,43.97629310344828,video_tok_3,-1.028581,-1.0813549,-1.8844512
441,44.07623922413793,video_tok_3,-1.1215549,-1.1679543,-1.6979678
442,44.17618534482759,video_tok_3,-0.96715283,-1.4140538,-1.3803878
443,44.27613146551724,video_tok_3,-0.8490159,-1.5090865,-1.2721331
444,44.3760775862069,video_tok_3,-1.0356354,-1.0236734,-1.3026625
445,44.47602370689655,video_tok_3,-1.0879312,-1.2435341,-0.9701961
446,44.575969827586206,video_tok_3,-0.9389948,-1.4714587,-1.1106899
447,44.67591594827586,video_tok_3,-1.0505106,-1.5457577,-0.85480714
448,44.775862068965516,video_tok_3,-1.1507875,-0.91048455,-1.3474988
449,44.875808189655174,video_tok_3,-1.189574,-1.5104625,-1.9669967
450,44.975754310344826,video_tok_3,-1.0658002,-1.6346489,-2.0590587
451,45.075700431034484,video_tok_3,-1.1006043,-1.2257527,-1.5521022
452,45.175646551724135,video_tok_3,-1.0149076,-0.75483495,-1.3307106
453,45.275592672413794,video_tok_3,-1.1482477,-1.0687286,-1.4284163
454,45.375538793103445,video_tok_3,-1.2881343,-1.198606,-1.1000558
455,45.4754849137931,video_tok_3,-1.4136965,-1.2106212,-1.2192546
456,45.575431034482754,video_tok_3,-1.465318,-1.0944824,-0.9509025
457,45.67537715517241,video_tok_3,-1.2672132,-1.1543616,-0.8454443
458,45.775323275862064,video_tok_3,-0.6851628,-0.6306626,-1.4406308
459,45.87526939655172,video_tok_3,-0.69312334,-0.7965373,-0.8568156
460,45.97521551724138,video_tok_3,-0.80979466,-0.7812306,-0.3139846
461,46.07516163793103,video_tok_3,-0.8266694,-0.4800839,-1.0335891
462,46.17510775862069,video_tok_3,-0.54306823,0.1662468,-0.7973288
463,46.27505387931034,video_tok_3,-0.81614196,0.45352095,-0.9868822
464,46.375,video_tok_3,-0.46186578,0.33886468,-0.7787805
465,46.47494612068965,video_tok_3,-0.48237777,0.787763,-0.56349057
466,46.57489224137931,video_tok_3,-0.34329414,0.9544423,-0.6060478
467,46.67483836206896,video_tok_3,-0.47590333,0.9258395,-1.0445204
468,46.77478448275862,video_tok_3,-0.09162254,0.956523,-0.81710273
469,46.87473060344828,video_tok_3,-0.63364536,0.8663079,-0.80073065
470,46.97467672413793,video_tok_3,-0.1886898,1.1044432,-0.33612064
471,47.07462284482759,video_tok_3,0.0549422,1.0618466,-0.50335604
472,47.17456896551724,video_tok_3,0.17298017,0.97707385,-0.42557916
473,47.2745150862069,video_tok_3,0.3058086,1.1720665,-0.48668644
474,47.37446120689655,video_tok_3,-0.014212003,0.6861556,-0.8405502
475,47.474407327586206,video_tok_3,-0.17879137,0.45559046,-1.2649897
476,47.57435344827586,video_tok_3,-1.0887319,0.1364668,-1.57237
477,47.674299568965516,video_tok_3,-1.457785,-0.33823773,-1.422227
478,47.774245689655174,video_tok_3,-1.6767309,-0.4958388,-1.2597513
479,47.874191810344826,video_tok_3,-1.719819,-0.6700763,-0.8799553
480,47.974137931034484,video_tok_3,-1.6389949,-0.6476516,-1.089422
481,48.074084051724135,video_tok_3,-1.4492853,-0.60696906,-1.4002534
482,48.174030172413794,video_tok_3,-1.1670899,-0.057333205,-0.40660006
483,48.273976293103445,video_tok_3,-1.2255063,-0.3909482,-1.5629573
484,48.3739224137931,video_tok_3,-1.2694967,-0.45486385,-1.978612
485,48.473868534482754,video_tok_3,-1.4714438,-0.9279198,-3.0846252
486,48.57381465517241,video_tok_3,-0.9940054,-0.49993825,-2.8529775
487,48.673760775862064,video_tok_3,-1.5598087,-0.6501239,-3.0427284
488,48.77370689655172,video_tok_3,-1.4041891,-0.7443804,-3.0656898
489,48.87365301724138,video_tok_3,-1.5405779,-0.7595406,-2.3499951
490,48.97359913793103,video_tok_3,-1.3812065,-0.4475241,-3.1916595
491,49.07354525862069,video_tok_3,-1.4467162,-0.061699923,-2.310709
492,49.17349137931034,video_tok_3,-1.5725513,-0.26950398,-1.2882087
493,49.2734375,video_tok_3,-1.4728352,0.0011382069,-1.1524725
494,49.37338362068965,video_tok_3,-1.162643,0.16383487,-0.68652916
495,49.47332974137931,video_tok_3,-1.4004562,0.016291957,-0.30898112
496,49.57327586206896,video_tok_3,-1.399919,-0.13852933,-0.40582252
497,49.67322198275862,video_tok_3,-1.0266744,0.38108212,-0.14773901
498,49.77316810344828,video_tok_3,-0.70859194,0.5474278,-0.26976076
499,49.87311422413793,video_tok_3,-0.5864839,0.84148127,0.005295266
500,49.97306034482759,video_tok_3,-0.9068868,0.6986535,-0.20271567
501,50.07300646551724,video_tok_3,-0.5169811,1.2776294,0.24757603
502,50.1729525862069,video_tok_3,-0.027708208,1.947615,-0.20728263
503,50.27289870689655,video_tok_3,-0.6909709,1.2682726,-0.24369594
504,50.372844827586206,video_tok_3,0.03827619,1.8380653,-0.2496194
505,50.47279094827586,video_tok_3,-0.15315057,1.7124964,-0.5048371
506,50.572737068965516,video_tok_3,-0.3638151,1.4819262,-0.008240427
507,50.67268318965517,video_tok_3,-0.7130444,1.0471982,-0.24836382
508,50.772629310344826,video_tok_3,-0.4325379,1.4108387,-0.703336
509,50.872575431034484,video_tok_3,-0.95970714,0.7840534,-0.9959234
510,50.972521551724135,video_tok_3,-0.52099156,1.032739,-1.31173
511,51.072467672413794,video_tok_3,-0.39292985,0.7369936,-0.64987415
512,51.172413793103445,video_tok_3,-0.96746105,0.004664507,-0.7018289
513,51.2723599137931,video_tok_3,-1.1785303,-0.19844636,-0.63008714
514,51.372306034482754,video_tok_3,-0.67837644,0.2878311,-0.8007161
515,51.47225215517241,video_tok_3,-0.4815933,0.30440784,-0.33916622
516,51.572198275862064,video_tok_3,-0.64121115,0.18268347,-0.7246677
517,51.67214439655172,video_tok_3,-0.56579155,0.51536113,-1.194458
518,51.77209051724138,video_tok_3,-1.078581,-0.3307843,-0.85780865
519,51.87203663793103,video_tok_3,-1.3288808,-0.59013844,-0.95158404
520,51.97198275862069,video_tok_3,-1.1004946,-0.18756524,-1.2975636
521,52.07192887931034,video_tok_3,-1.1575398,-0.29346713,-1.4382833
522,52.171875,video_tok_3,-1.3207295,-0.49760488,-0.99940306
523,52.27182112068965,video_tok_3,-1.4735432,-0.66562873,-0.84869134
524,52.37176724137931,video_tok_3,-1.3396888,-0.4132885,-0.32639298
525,52.47171336206896,video_tok_0,-1.0058984,0.44948128,0.5882916
526,52.57165948275862,video_tok_0,-0.19900951,2.0826616,1.5518292
527,52.67160560344828,video_tok_0,0.46653736,2.7456455,2.4242387
528,52.77155172413793,video_tok_0,0.3490122,2.33706,2.4811254
529,52.87149784482759,video_tok_0,1.090718,2.9884715,2.0220656
530,52.97144396551724,video_tok_3,-0.08982924,1.4552854,0.5518909
531,53.0713900862069,video_tok_3,-0.26506284,0.99782985,0.59262544
532,53.17133620689655,video_tok_3,-0.52154386,0.51796883,-0.75316614
533,53.271282327586206,video_tok_3,-1.3386226,0.5962801,-0.47900835
534,53.37122844827586,video_tok_3,-1.5018486,0.53134376,-1.0201889
535,53.471174568965516,video_tok_3,-1.7278719,0.86855686,-0.18020317
536,53.57112068965517,video_tok_3,-0.7604586,1.8911389,-0.5955919
537,53.671066810344826,video_tok_3,-1.2533562,1.5334572,-0.84156394
538,53.771012931034484,video_tok_2,-1.0768025,1.9637446,-1.6110212
539,53.870959051724135,video_tok_2,-1.0434035,2.3112087,-1.3237848
540,53.970905172413794,video_tok_2,-0.6629589,3.1137433,-1.5668157
541,54.070851293103445,video_tok_2,-1.1131873,2.7119718,-1.7559401
542,54.1707974137931,video_tok_2,-0.71182734,2.872912,-1.5595504
543,54.270743534482754,video_tok_2,-0.38728034,2.9287143,-1.433734
544,54.37068965517241,video_tok_2,-0.31473503,2.8234437,-1.0826651
545,54.470635775862064,video_tok_2,-0.23067388,2.5817475,-0.8154429
546,54.57058189655172,video_tok_2,-0.46305072,2.2621565,-0.8881346
547,54.67052801724138,video_tok_2,-0.5677111,2.0718775,-0.373467
548,54.77047413793103,video_tok_2,-0.29851514,2.1527057,-0.8032895
549,54.87042025862069,video_tok_2,-0.32119375,2.2336433,-0.27369857
550,54.97036637931034,video_tok_2,-0.64251393,1.7651113,-0.20545039
551,55.0703125,video_tok_2,-0.30683565,2.3671122,-0.4026833
552,55.17025862068965,video_tok_2,-0.21202126,2.4916093,-0.56557447
553,55.27020474137931,video_tok_2,-0.2359031,2.2363396,-1.0280775
554,55.37015086206896,video_tok_2,-0.17458767,2.8187346,-1.1024324
555,55.47009698275862,video_tok_2,-0.3079465,2.6940117,-1.574703
556,55.57004310344828,video_tok_2,-0.08151401,2.6058817,-2.1972802
557,55.66998922413793,video_tok_2,-0.7393092,1.9914054,-1.8776537
558,55.76993534482759,video_tok_2,-0.47293124,1.9233569,-1.3666905
559,55.86988146551724,video_tok_2,-0.82475,1.6324214,-1.4324678
560,55.9698275862069,video_tok_2,-0.8530327,1.6717316,-2.0396252
561,56.06977370689655,video_tok_2,-1.0533007,1.3245456,-2.5336227
562,56.169719827586206,video_tok_2,-0.85274684,1.2104167,-2.5586655
563,56.26966594827586,video_tok_2,-0.78905165,1.0202227,-3.0670166
564,56.369612068965516,video_tok_2,-0.9273154,0.96575177,-3.0751073
565,56.46955818965517,video_tok_2,-0.548983,1.2327114,-3.076786
566,56.569504310344826,video_tok_2,-0.7803988,1.7253865,-2.846793
567,56.669450431034484,video_tok_2,-0.60638356,1.9532672,-3.106394
568,56.769396551724135,video_tok_2,0.06408823,2.4815927,-3.0320842
569,56.869342672413794,video_tok_2,-0.30280524,2.6241603,-2.5346532
570,56.969288793103445,video_tok_2,0.11014228,2.9848948,-2.7688863
571,57.0692349137931,video_tok_2,0.3798387,3.5281506,-2.812198
572,57.169181034482754,video_tok_2,0.5157042,4.056904,-1.9372443
573,57.26912715517241,video_tok_2,0.004932368,3.8302681,-1.422764
574,57.369073275862064,video_tok_2,0.22897926,4.154822,-1.1224328
575,57.46901939655172,video_tok_2,0.1625924,3.8163314,-0.52341574
576,57.56896551724138,video_tok_2,0.28293705,4.1457,-0.39272884
577,57.66891163793103,video_tok_2,-0.1299811,3.4544058,0.16992179
578,57.76885775862069,video_tok_2,0.15252064,4.2784033,-0.16455248
579,57.86880387931034,video_tok_2,-0.16126859,4.021012,0.20223716
580,57.96875,video_tok_2,0.037173565,4.5214257,-0.047417667
581,58.06869612068965,video_tok_2,-0.0792617,4.5095096,0.009890352
582,58.16864224137931,video_tok_2,-0.09191234,4.4736667,-0.27918348
583,58.26858836206896,video_tok_2,0.17277741,4.258804,-0.6240794
584,58.36853448275862,video_tok_2,0.07841947,3.8867984,-0.5207885
585,58.46848060344827,video_tok_2,0.020765448,3.6454444,-0.88573915
586,58.56842672413793,video_tok_2,0.19719942,3.2449708,-0.7686418
587,58.66837284482759,video_tok_2,0.23455623,2.901585,-1.4998087
588,58.76831896551724,video_tok_2,0.22412622,2.696649,-0.8830912
589,58.8682650862069,video_tok_2,-0.058613244,2.844648,-0.8154569
590,58.96821120689655,video_tok_2,0.009419316,2.5251722,-1.2180074
591,59.068157327586206,video_tok_2,-0.03441042,2.8334126,-1.5329603
592,59.16810344827586,video_tok_2,0.09987163,3.1279607,-1.1247145
593,59.268049568965516,video_tok_2,0.02289703,3.1934495,-1.4305727
594,59.36799568965517,video_tok_2,0.32144797,3.6735272,-1.3296294
595,59.467941810344826,video_tok_2,0.27613187,4.1132073,-1.8464062
596,59.567887931034484,video_tok_2,0.19141391,3.6586075,-1.3976883
597,59.667834051724135,video_tok_2,-0.0659541,4.111675,-1.1654108
598,59.767780172413794,video_tok_2,0.24731201,3.9954689,-0.8740819
599,59.867726293103445,video_tok_2,0.40288714,4.9856153,-1.3468314
600,59.9676724137931,video_tok_2,0.41039628,5.3839536,-0.5490531
601,60.067618534482754,video_tok_2,0.29063556,5.2267127,-0.011167075
602,60.16756465517241,video_tok_2,0.35660183,6.1753416,-0.016771343
603,60.267510775862064,video_tok_2,0.50746644,6.2519956,-0.40359983
604,60.36745689655172,video_tok_2,0.54534554,6.280586,-1.3606604
605,60.46740301724138,video_tok_2,0.9713639,6.3492684,-0.8903089
606,60.56734913793103,video_tok_2,0.910914,7.180427,-0.9867687
607,60.66729525862069,video_tok_2,1.192651,8.002854,-0.028991308
608,60.76724137931034,video_tok_2,1.5137467,8.982875,0.39928845
609,60.8671875,video_tok_2,1.6694548,8.810898,-0.010592069
610,60.96713362068965,video_tok_6,13.714508,19.026628,-21.440714
611,61.06707974137931,video_tok_4,26.057806,27.65824,-12.984161
612,61.16702586206896,video_tok_7,39.223324,8.589043,-8.112949
613,61.26697198275862,video_tok_1,42.673058,-7.6700025,-1.2841178
614,61.36691810344827,video_tok_1,42.957935,-10.692708,0.6325745
615,61.46686422413793,video_tok_1,43.72729,-10.215123,1.6020044
616,61.56681034482759,video_tok_1,43.869602,-9.789903,1.3550383
617,61.66675646551724,video_tok_1,44.13387,-9.723493,1.4035335
618,61.7667025862069,video_tok_1,44.079807,-10.15765,1.6795863
