modality,node,x,y,z
word,今日,-0.0305528738473168,-0.6353448862206288,-0.7716238704530637
word,は,-0.5148630359032192,0.8047182528180388,0.2955411779126616
word,嬉しい,0.9914080815822958,-0.0714638112677092,0.1095579273827565
word,楽しい,-0.7321886190577711,0.6336102807541806,0.2498756455617123
word,悲しい,-0.4197666729357417,-0.6634278773813369,0.6194024473682291
word,苦しい,0.052111938885418,0.9467750916819508,-0.3176496050623013
word,疲れる,-0.3436413523669601,-0.4705205537915236,0.8127244486313455
word,私,-0.0323450349744817,0.6058825506121679,-0.7948963036624295
word,研究,0.6637172168216792,-0.058369537397861,-0.7457026573631369
word,難しい,-0.7221973366262,0.6161302183372807,0.3143478344472539
word,面白い,0.7853775038030006,0.617174251856981,-0.0477296486991422
word,けど,0.3201408521524168,-0.9268027629979396,0.1963325578769592
word,安心,0.3289858061960205,0.5961011966417498,0.7324149798330374
word,する,-0.1313918204018438,0.6712154092486298,-0.7295245464812571
word,でも,-0.6385353203350939,-0.4088514878291339,-0.6520069827727788
word,しかし,-0.5350528809303391,-0.8188806209610939,-0.2077328650515311
word,だから,0.7255673610028619,0.654995890985189,-0.2110269827293681
word,なのに,-0.7586626830674285,-0.1803375623699835,0.6260265944186261
word,それでも,0.3558564179515187,0.4762599067086344,-0.8040787965520523
word,つまり,0.4270169523831837,-0.9040887381814848,-0.0167354674505574
word,むしろ,0.6558849312078964,0.7505996925567355,0.0800940606296562
word,一方,0.1865297594888156,0.86226434780766,0.4708575616095328
word,で,-0.6081237372137459,-0.6406883983541279,-0.4687258222581823
word,頑張る,-0.4414185982717221,-0.4039596204910588,0.8012279613896084
word,成長,0.9711588615847532,-0.1353570387978011,0.1962878947192027
word,前向き,-0.3958192615914181,0.9035317158974504,-0.1641875467891332
word,続ける,-0.6611687519569961,-0.7313056364110939,0.1674752148498189
word,やめる,-0.2800509286610514,0.5768861784619896,0.7673159808420544
word,逃げる,-0.0427949499927896,-0.5638318227579028,0.8247801330661497
word,挑戦,0.0439024267206996,-0.3395839027692745,-0.9395506106155334
word,諦める,-0.6161414551386515,0.488746552733024,0.6176540410708979
word,進む,-0.012117237042656,-0.9164393397785786,-0.3999901362192009
word,止まる,0.6468257333653028,0.2973924608480985,0.7022636220730436
word,不安,0.5426230415694451,-0.7397552035269581,0.3978975667338428
word,緊張,0.3105633353189166,0.5048883992120478,-0.8053807292806838
word,落ち着く,0.1958209446950166,-0.9694746930449544,0.1475566913567219
word,混乱,-0.1143501117739493,0.8071618073989387,0.5791492628103432
word,集中,-0.539599243186637,-0.0710008699836371,-0.8389228410372285
word,迷う,0.7618154996084614,0.630821794207394,-0.1473126216903172
word,微妙,0.2096619966744187,0.1895213568856691,-0.9592306825965852
word,なんか,0.4507035758151746,0.3206115821337536,0.8331113371867571
word,いい,-0.1198209401158486,-0.9542470741931002,-0.2739625224436041
word,普通,-0.6151676516584638,0.6533289608405517,0.4412822557955574
word,どちら,0.5931928187934581,-0.3256257359771184,-0.7362677229114635
word,も,0.531735645691301,0.6409653845856825,-0.5535526884264793
word,ない,0.0010415592071652,-0.875656456432034,0.4829334172153664
word,複雑,0.5348734661428994,-0.8359966360934741,0.1225561081981481
word,言え,-0.0031454858948342,-0.2675602718287825,0.963535991469646
word,最高,-0.3318031853821608,-0.9238566041423524,-0.19077636424047
word,最悪,0.7376429991471923,-0.4636734175940868,-0.4908052237148202
word,めっちゃ,0.8940861071843119,0.447356925272572,-0.0219502699453435
word,ちょっと,0.064764940455165,-0.8279709000004258,-0.5570185735146753
word,少し,-0.4752167961109295,0.5011528162736065,-0.7231976572383901
word,I,-0.2230909370870696,-0.9608162453452675,0.1645070711861219
word,am,-0.1610679315772945,0.789553542750338,0.592167480150508
word,happy,-0.6648786976621514,-0.6486773390609063,0.3703431208810872
word,sad,-0.2965514468613701,-0.6628826439308657,0.6874909742968653
word,research,0.1912433274423048,0.2462548307029706,0.9501497503363596
word,is,0.5376630620260305,-0.4069045065584409,-0.7384762381249818
word,interesting,-0.7233106575774995,0.308274791282432,-0.6178902375783083
word,difficult,0.4777485994272512,0.245062135485083,0.8436236278677777
word,but,-0.8459915966440614,-0.3007307249229874,-0.4402945031395762
word,however,0.7397454803537562,-0.4655578251476095,-0.4858317977860427
word,so,-0.4056239020826309,-0.2678331848121568,-0.8739191239311778
word,therefore,-0.4548245523869417,0.8893536156383386,0.0467415542855867
word,tired,0.6837640646344473,-0.0588408075474769,-0.7273269301227202
word,okay,0.6264218678915163,0.3583241577408008,0.6922423285285645
word,hard,0.6574418571400048,0.4931109161501877,-0.5697471622165609
word,fun,-0.1375801552212665,-0.9285415470309462,-0.344793121054741
word,relieved,-0.6309919852045625,-0.2288499582194436,0.7412670309885393
word,motivated,-0.499782814507593,0.8172117373542482,-0.2870228469187085
word,anxious,-0.0225176785927844,0.5932357212964483,0.8047138206397818
word,calm,0.2844140368040843,0.3528429338565634,-0.8914092885405096
word,painful,-0.3813934640108707,0.9049382211208558,0.1887480902271857
word,rewarding,0.1385468997794594,0.4020738327529314,-0.9050643013492844
word,want,0.3558681301414216,-0.2667433381641935,0.8956594584409138
word,to,-0.4435184280378142,0.5665803582007249,-0.6944624552069063
word,continue,-0.7503705036167234,-0.0855342838532132,0.6554601388244009
word,quit,-0.3287299351731164,-0.7385452398006075,0.5886319380469783
word,keep,-0.9068780343455068,0.2604434923746457,0.3312724227902582
word,going,0.4859414511241307,0.4148753143563953,-0.7692459812160582
word,although,0.7816486478569304,-0.5112407408254284,0.3572930117196522
word,even,-0.9802611349539376,0.1956500959224115,-0.0284455139586097
word,though,-0.2295794129585369,-0.6110044345490117,0.7576060150942943
word,still,-0.6335966216151905,-0.0134554380740467,0.7735465546843658
video_raw,video_tok_0,1.4174163,2.967543,4.002832
video_raw,video_tok_0,1.2617966,2.9944293,4.034709
video_raw,video_tok_0,1.2196466,2.8427649,4.179624
video_raw,video_tok_0,1.2985117,2.941324,4.1874456
video_raw,video_tok_0,1.2702839,2.9418542,4.2432685
video_raw,video_tok_0,1.2699488,2.913314,4.2709894
video_raw,video_tok_0,1.2672535,2.9138446,4.277618
video_raw,video_tok_0,1.2939239,2.8841262,4.2826867
video_raw,video_tok_0,1.275325,2.9176538,4.2751956
video_raw,video_tok_0,1.2635076,2.8629055,4.318074
video_raw,video_tok_0,1.906421,2.5139532,3.7083883
video_raw,video_tok_0,2.1298532,3.167436,3.925172
video_raw,video_tok_0,1.9417269,3.4899163,3.880659
video_raw,video_tok_0,1.7463292,3.364523,3.6574392
video_raw,video_tok_0,1.7858232,3.41925,4.163734
video_raw,video_tok_0,1.3476675,4.0168896,4.073437
video_raw,video_tok_0,1.0343878,3.6392019,3.553214
video_raw,video_tok_0,0.93170804,3.2808492,3.661534
video_raw,video_tok_0,1.1358182,3.1800866,3.1568408
video_raw,video_tok_0,1.0530344,2.8288424,3.3494222
video_raw,video_tok_0,1.0604508,2.95662,3.0233302
video_raw,video_tok_0,1.3441643,2.9295146,3.2224817
video_raw,video_tok_0,1.5064659,2.3376868,3.2122467
video_raw,video_tok_0,1.3342503,2.2364318,3.2042665
video_raw,video_tok_0,1.2918253,2.307112,3.2901683
video_raw,video_tok_0,0.8837309,1.9495924,3.5489688
video_raw,video_tok_0,1.1612949,1.8241919,3.486644
video_raw,video_tok_0,0.9733069,1.4978564,2.7485228
video_raw,video_tok_0,1.1204988,1.5061703,2.358626
video_raw,video_tok_0,0.957722,1.6876323,2.872108
video_raw,video_tok_0,1.0643725,2.1168878,3.3113403
video_raw,video_tok_0,1.0855566,2.5597286,3.45665
video_raw,video_tok_0,1.0123041,2.4890351,2.452864
video_raw,video_tok_0,0.7702991,2.4213464,2.9365783
video_raw,video_tok_0,0.733657,2.4126136,3.1994627
video_raw,video_tok_0,0.4393904,1.9871665,2.0204592
video_raw,video_tok_0,0.41801918,1.0653406,2.5463545
video_raw,video_tok_0,0.48845285,1.2031571,2.764527
video_raw,video_tok_0,0.42040578,1.0218832,2.474473
video_raw,video_tok_0,0.24983224,0.9772221,2.8663003
video_raw,video_tok_0,0.12241628,0.7251466,2.8298514
video_raw,video_tok_0,0.13068798,0.620262,2.9290595
video_raw,video_tok_0,0.21277165,0.45765734,2.3939505
video_raw,video_tok_0,0.018940309,0.37242392,2.665911
video_raw,video_tok_0,0.081145905,0.51436764,2.3726282
video_raw,video_tok_0,-0.060432393,0.31306764,2.5329728
video_raw,video_tok_0,-0.14877868,0.18500939,2.024169
video_raw,video_tok_0,-0.17802563,0.106306635,2.2675889
video_raw,video_tok_0,-0.064120345,0.039949257,2.7968025
video_raw,video_tok_0,-0.31068608,-0.011564067,2.7400932
video_raw,video_tok_0,-0.38912356,-0.07628855,2.6648252
video_raw,video_tok_0,-0.4280779,-0.054258663,2.5196228
video_raw,video_tok_0,0.0026496667,-0.3046694,2.7315993
video_raw,video_tok_0,-0.009846328,-0.5072685,2.9198682
video_raw,video_tok_0,-0.14210834,-0.505066,2.974182
video_raw,video_tok_0,-0.12757857,-0.34743264,3.0053167
video_raw,video_tok_0,-0.13341512,-0.4096055,2.857751
video_raw,video_tok_0,-0.056917895,-0.3018491,2.9511604
video_raw,video_tok_0,-0.1344403,-0.22369832,2.4599445
video_raw,video_tok_0,0.056481704,-0.067199826,2.4194098
video_raw,video_tok_0,-0.29733396,-0.20633572,2.9225783
video_raw,video_tok_0,-0.3214459,-0.5209361,2.8348286
video_raw,video_tok_0,-0.053969774,-0.1433366,2.1015232
video_raw,video_tok_0,-0.21563631,-0.38652796,1.6673162
video_raw,video_tok_0,-0.11698509,-0.44003347,1.9412543
video_raw,video_tok_0,-0.45421612,-0.69278806,1.007495
video_raw,video_tok_5,-1.0156155,-0.93709415,-0.05498525
video_raw,video_tok_5,-2.07755,-1.127815,-0.5172706
video_raw,video_tok_5,-1.7902341,-1.1840552,1.0638752
video_raw,video_tok_5,-2.0783954,-0.988615,1.0455345
video_raw,video_tok_0,-1.3183091,-0.68596,1.0844933
video_raw,video_tok_0,-1.077507,-0.53003323,0.7068493
video_raw,video_tok_0,-0.5447732,-0.06265782,0.55968267
video_raw,video_tok_0,0.14079829,0.66846424,0.54718214
video_raw,video_tok_0,0.3368467,0.7430334,0.8006771
video_raw,video_tok_0,0.49166623,0.82296205,1.2377433
video_raw,video_tok_0,0.6024443,1.1393384,1.3514329
video_raw,video_tok_0,0.6063405,1.5536892,1.7286125
video_raw,video_tok_0,0.39663568,0.9850073,2.0750113
video_raw,video_tok_0,0.15593612,0.72521394,1.9576578
video_raw,video_tok_0,0.16562057,0.70480025,2.1243439
video_raw,video_tok_0,-0.23751599,0.52203196,1.8489751
video_raw,video_tok_0,0.14889413,0.39693636,1.1806113
video_raw,video_tok_0,-0.027498139,-0.10121371,1.0454501
video_raw,video_tok_0,0.10696515,0.046267275,0.8775489
video_raw,video_tok_0,-0.24316525,-0.5091456,1.2138658
video_raw,video_tok_0,-0.18724856,-0.6147881,1.0620216
video_raw,video_tok_0,-0.3729742,-0.37600106,0.7584436
video_raw,video_tok_0,-0.40192342,-0.31983504,0.52856225
video_raw,video_tok_0,-0.53652376,-0.33064324,0.5610253
video_raw,video_tok_0,-0.2859275,-0.051446516,0.53050345
video_raw,video_tok_0,0.14399305,0.7250562,0.48022658
video_raw,video_tok_0,0.18333307,0.6541614,0.38362262
video_raw,video_tok_0,0.1958624,0.8634636,0.73150796
video_raw,video_tok_0,0.2202414,0.7928184,0.5901147
video_raw,video_tok_0,0.50806445,1.1610857,0.987636
video_raw,video_tok_0,0.7133305,1.3744507,1.1051742
video_raw,video_tok_0,0.5958139,1.5570836,1.6215075
video_raw,video_tok_0,1.0324869,1.927877,1.530675
video_raw,video_tok_0,0.88177836,2.169858,2.175241
video_raw,video_tok_0,0.86526775,1.7896258,1.8783655
video_raw,video_tok_0,0.7664414,1.6599549,1.5187073
video_raw,video_tok_0,0.7174845,1.516735,1.8800014
video_raw,video_tok_0,0.6365968,1.2096237,1.1430631
video_raw,video_tok_0,0.1806906,0.7245229,1.5995238
video_raw,video_tok_0,0.173547,0.6378714,1.7536601
video_raw,video_tok_0,0.21173161,0.68486947,1.2871627
video_raw,video_tok_0,0.05097689,0.67898494,1.3666595
video_raw,video_tok_0,0.0173792,0.20702116,1.8032146
video_raw,video_tok_0,0.07134326,0.39274934,0.99802107
video_raw,video_tok_0,-0.041042335,0.3732964,1.1956779
video_raw,video_tok_0,-0.06169058,0.22990099,0.66368914
video_raw,video_tok_0,0.23079084,0.5136924,0.8613598
video_raw,video_tok_0,-0.02110668,0.07500766,1.191984
video_raw,video_tok_0,-0.1613222,-0.11058426,1.5476099
video_raw,video_tok_0,-0.15715525,0.19828147,0.6425963
video_raw,video_tok_0,-0.017271442,0.40289712,0.95547646
video_raw,video_tok_0,-0.29222295,0.118308336,1.2595136
video_raw,video_tok_0,-0.26306993,-0.03599346,1.2840539
video_raw,video_tok_0,-0.24024364,0.34709913,1.4027642
video_raw,video_tok_0,-0.14204195,0.19561817,1.553864
video_raw,video_tok_0,0.0070910957,0.4449697,1.36483
video_raw,video_tok_0,0.26990998,0.25327212,1.5085192
video_raw,video_tok_0,0.11937953,0.5008094,1.2882624
video_raw,video_tok_0,0.44386458,0.6430218,1.8124841
video_raw,video_tok_0,0.6566825,1.1219914,1.4885049
video_raw,video_tok_0,0.50760645,1.1521829,1.5055234
video_raw,video_tok_0,0.4681121,1.2956308,1.8029307
video_raw,video_tok_0,0.49542692,1.2681865,2.1963286
video_raw,video_tok_0,0.6000886,1.3854735,1.7310712
video_raw,video_tok_0,0.9198123,1.6738347,1.59296
video_raw,video_tok_0,1.126444,2.2098527,1.4249238
video_raw,video_tok_0,0.8037021,2.1319005,1.3264105
video_raw,video_tok_0,0.67853737,2.066798,1.6150849
video_raw,video_tok_0,0.5784566,2.0487795,1.2284586
video_raw,video_tok_0,0.5249152,1.7539574,1.9413241
video_raw,video_tok_0,0.43636197,1.2531122,1.5471797
video_raw,video_tok_0,0.21750914,1.3381456,1.2672611
video_raw,video_tok_0,0.45074093,1.2602588,1.7192715
video_raw,video_tok_0,0.3799175,1.2911402,1.3479807
video_raw,video_tok_0,0.4293095,1.4788383,1.6340393
video_raw,video_tok_0,-0.05463418,1.2074018,1.3790311
video_raw,video_tok_0,0.18427147,1.262444,2.0090628
video_raw,video_tok_0,-0.24514347,0.9870629,1.8138927
video_raw,video_tok_0,-0.562662,0.6839854,1.0635564
video_raw,video_tok_0,-0.8616986,0.3468485,1.5559328
video_raw,video_tok_0,-0.72373474,0.4582701,1.7845713
video_raw,video_tok_0,-0.80795753,0.2961848,1.8115226
video_raw,video_tok_0,-0.4702357,0.45659378,1.4130231
video_raw,video_tok_0,-0.2961082,0.64831156,1.6453755
video_raw,video_tok_0,-0.23441184,0.9677233,2.0740426
video_raw,video_tok_0,-0.16066045,1.2192955,1.6643583
video_raw,video_tok_0,0.40756994,1.7967441,1.0778517
video_raw,video_tok_0,0.07236429,1.0590407,0.27731082
video_raw,video_tok_0,0.1939162,1.1857239,0.7742791
video_raw,video_tok_0,0.08151991,0.8963941,1.134566
video_raw,video_tok_0,0.5022862,1.4377807,0.97255087
video_raw,video_tok_0,0.44525185,1.3604419,1.6851953
video_raw,video_tok_0,0.30335426,0.7440907,1.0893518
video_raw,video_tok_0,-0.10985352,0.45826378,1.5056281
video_raw,video_tok_0,0.14453779,0.6118775,1.342924
video_raw,video_tok_0,-0.18339254,0.45078886,1.7660432
video_raw,video_tok_0,-0.04169986,0.7201935,1.2527981
video_raw,video_tok_0,-0.011432027,0.32759544,1.2853258
video_raw,video_tok_0,-0.5503183,-0.0147956945,0.8024246
video_raw,video_tok_3,-0.53496003,-0.24030551,0.30716005
video_raw,video_tok_0,-0.6059765,0.1060402,0.55470973
video_raw,video_tok_3,-0.18368751,0.013408665,0.29329714
video_raw,video_tok_0,-0.24993272,0.020416137,0.78753954
video_raw,video_tok_0,-0.10011899,0.06474671,0.6987405
video_raw,video_tok_0,-0.18846738,0.44457415,0.7546604
video_raw,video_tok_0,0.009198943,0.70899355,0.38806233
video_raw,video_tok_0,0.29376987,0.9041644,0.33616427
video_raw,video_tok_0,0.17010702,0.8087198,0.23722285
video_raw,video_tok_0,0.22177282,1.0332594,0.5237128
video_raw,video_tok_0,0.30811405,1.1280577,0.34641978
video_raw,video_tok_0,0.1738633,1.1274629,0.07938514
video_raw,video_tok_0,0.28731143,0.71065706,0.44365498
video_raw,video_tok_0,0.16641426,0.5759004,0.5258185
video_raw,video_tok_0,0.039966594,0.6883959,0.044859562
video_raw,video_tok_0,-0.0970084,0.74410313,0.44715562
video_raw,video_tok_0,-0.32849044,0.334339,0.35349408
video_raw,video_tok_0,-0.09112656,0.3152154,0.820357
video_raw,video_tok_0,0.3829402,0.6598434,0.63932663
video_raw,video_tok_0,0.3638588,0.5823347,1.3369349
video_raw,video_tok_0,0.51156056,0.5240291,1.8525329
video_raw,video_tok_0,0.3008696,0.618936,1.545771
video_raw,video_tok_0,0.22462416,0.5058929,1.6696261
video_raw,video_tok_0,0.29781964,0.5394693,2.0564175
video_raw,video_tok_0,0.3060856,0.62093216,1.590635
video_raw,video_tok_0,0.24029702,0.4478182,1.7673209
video_raw,video_tok_0,0.51461494,0.7863865,1.3356816
video_raw,video_tok_0,0.8481684,0.9653381,1.8840826
video_raw,video_tok_0,0.76637524,1.1126511,1.6479083
video_raw,video_tok_0,0.6577498,1.0261854,1.4704214
video_raw,video_tok_0,0.36260518,0.5557027,1.3857268
video_raw,video_tok_0,0.69661796,0.7118461,1.1666533
video_raw,video_tok_0,0.28437856,0.5777145,1.0047175
video_raw,video_tok_0,0.38077688,0.6037046,0.39397553
video_raw,video_tok_0,0.202096,0.73053515,-0.10798856
video_raw,video_tok_0,0.78880954,1.3434066,0.50878435
video_raw,video_tok_0,0.38594425,1.5076162,0.9778788
video_raw,video_tok_0,0.49615046,1.7916127,1.190785
video_raw,video_tok_0,0.56660426,1.8297368,1.3407794
video_raw,video_tok_0,1.1310997,2.386929,1.6362561
video_raw,video_tok_0,1.0389106,2.570342,2.1931248
video_raw,video_tok_0,1.0518825,2.8597817,2.0829947
video_raw,video_tok_0,1.4444625,3.364098,2.0934267
video_raw,video_tok_0,1.2784989,3.7075458,2.224811
video_raw,video_tok_0,1.3270167,3.3113174,2.5806813
video_raw,video_tok_0,1.4978681,3.4109101,2.2077484
video_raw,video_tok_0,1.1093571,2.930557,2.812428
video_raw,video_tok_0,1.1545777,2.8413692,2.9525657
video_raw,video_tok_0,1.0538862,2.8164568,2.7838984
video_raw,video_tok_0,1.0772665,2.6611233,2.5840464
video_raw,video_tok_0,1.0979439,2.6145709,2.640349
video_raw,video_tok_0,0.9750987,2.0268486,2.0878704
video_raw,video_tok_0,0.69912213,1.8266796,1.8119903
video_raw,video_tok_0,0.844663,1.6763031,1.3563129
video_raw,video_tok_0,0.40908277,1.0487293,1.2366053
video_raw,video_tok_0,0.3992872,0.9589989,0.8080225
video_raw,video_tok_0,-0.07365178,0.601541,0.61886454
video_raw,video_tok_0,0.1201322,0.94184774,0.0808487
video_raw,video_tok_0,-0.06997165,0.24533787,0.5742486
video_raw,video_tok_0,-0.030747509,0.35855505,0.5545295
video_raw,video_tok_0,-0.21241808,-0.3721585,0.32373625
video_raw,video_tok_0,-0.4929152,-0.70554465,0.19404034
video_raw,video_tok_5,-0.9336747,-1.944352,-0.046349104
video_raw,video_tok_5,-1.0494753,-2.57078,-0.558578
video_raw,video_tok_5,-1.3870583,-2.716169,-0.23040631
video_raw,video_tok_5,-1.416908,-2.5676274,0.1397523
video_raw,video_tok_5,-1.4709951,-2.79774,0.3398672
video_raw,video_tok_5,-1.8574623,-3.0944705,-0.29109916
video_raw,video_tok_5,-2.268035,-3.5524516,-0.63101786
video_raw,video_tok_5,-2.536568,-4.261195,-0.71461284
video_raw,video_tok_5,-2.685559,-4.5013566,-0.5457427
video_raw,video_tok_5,-2.4257488,-4.0707593,-0.79208976
video_raw,video_tok_5,-2.6192825,-3.8165364,-0.67590356
video_raw,video_tok_5,-2.501647,-3.2538004,-0.6410021
video_raw,video_tok_5,-2.5147698,-3.319881,-0.889124
video_raw,video_tok_5,-2.425201,-2.866458,-0.5220018
video_raw,video_tok_5,-2.6521115,-3.0669718,-0.58960545
video_raw,video_tok_5,-2.751525,-3.0644665,-0.9560825
video_raw,video_tok_5,-3.0184326,-3.5204,-1.1955801
video_raw,video_tok_5,-2.7640738,-3.5769777,-1.3516333
video_raw,video_tok_5,-2.8247736,-3.639789,-1.3057712
video_raw,video_tok_5,-2.8705297,-3.6883736,-1.5139061
video_raw,video_tok_5,-2.643167,-3.4581187,-1.8011845
video_raw,video_tok_5,-2.3805547,-3.1839318,-1.7022486
video_raw,video_tok_5,-2.2870464,-3.589939,-1.0164753
video_raw,video_tok_5,-2.19481,-3.5415485,-0.9756263
video_raw,video_tok_5,-2.3024306,-3.7134404,-0.82728904
video_raw,video_tok_5,-2.3009675,-3.7394247,-0.8206103
video_raw,video_tok_5,-2.385747,-3.9478955,-0.7181686
video_raw,video_tok_5,-2.2408366,-3.5776575,-1.1766864
video_raw,video_tok_5,-2.2292585,-3.525438,-0.6795284
video_raw,video_tok_5,-2.095676,-3.650397,-0.9458562
video_raw,video_tok_5,-2.4123595,-4.188026,-0.5776624
video_raw,video_tok_5,-2.3564227,-3.6303308,-0.25450453
video_raw,video_tok_5,-2.1673498,-3.744349,-0.9900498
video_raw,video_tok_5,-1.8818114,-3.391486,-0.7752807
video_raw,video_tok_5,-1.8676841,-3.368242,-0.53051525
video_raw,video_tok_5,-1.4304012,-2.6582994,-0.8815305
video_raw,video_tok_5,-1.354516,-2.0715237,-0.7065719
video_raw,video_tok_5,-1.245441,-1.8961247,-0.91576004
video_raw,video_tok_5,-1.083276,-1.838805,-0.40130308
video_raw,video_tok_5,-0.9165217,-1.7848188,-0.15044951
video_raw,video_tok_5,-1.0070912,-2.0465837,0.18244725
video_raw,video_tok_5,-0.7421596,-1.8606408,-0.09706526
video_raw,video_tok_5,-0.96949184,-2.130873,0.5149055
video_raw,video_tok_5,-0.8076824,-2.047439,0.6229491
video_raw,video_tok_5,-1.1133585,-2.2515376,0.47902778
video_raw,video_tok_5,-1.1195431,-2.6931527,0.7707091
video_raw,video_tok_5,-0.9265673,-2.4112358,0.5808812
video_raw,video_tok_5,-0.8621557,-2.3106117,0.8373911
video_raw,video_tok_5,-0.80625916,-2.1448455,0.50920004
video_raw,video_tok_5,-0.6382687,-2.0630615,0.5921028
video_raw,video_tok_5,-0.6615617,-2.0498607,0.60954326
video_raw,video_tok_5,-0.7043364,-2.034122,0.9431501
video_raw,video_tok_5,-0.79498553,-1.8274945,0.6254413
video_raw,video_tok_5,-0.8254116,-2.051169,0.34030503
video_raw,video_tok_5,-1.242614,-2.0370905,0.04691262
video_raw,video_tok_5,-1.1904972,-2.015139,-0.3820768
video_raw,video_tok_5,-1.4344828,-2.1794014,-0.93729997
video_raw,video_tok_5,-1.452163,-3.016172,-1.4550664
video_raw,video_tok_5,-1.6656058,-3.6544156,-0.7291059
video_raw,video_tok_5,-1.6568816,-3.9571352,-0.5866254
video_raw,video_tok_5,-1.8676963,-3.6530247,-0.7521709
video_raw,video_tok_5,-1.6190474,-3.533881,-0.64902073
video_raw,video_tok_5,-1.6284723,-3.2036085,-1.0045804
video_raw,video_tok_5,-1.4317638,-3.261643,-0.53079206
video_raw,video_tok_5,-1.6323903,-3.270908,-0.90012187
video_raw,video_tok_5,-1.3319111,-2.316579,-1.263097
video_raw,video_tok_5,-1.3952961,-2.2029,-1.2886147
video_raw,video_tok_5,-1.1458565,-1.8446836,-1.3682814
video_raw,video_tok_5,-1.2965648,-1.8006815,-1.6007271
video_raw,video_tok_5,-1.7603902,-2.5215034,-2.8381908
video_raw,video_tok_5,-1.9675956,-3.4090662,-1.5623058
video_raw,video_tok_5,-2.0673938,-3.011793,-1.3061231
video_raw,video_tok_5,-2.5394459,-3.2538145,-1.994395
video_raw,video_tok_5,-2.861758,-3.5171866,-1.5388902
video_raw,video_tok_5,-3.4203026,-3.7651472,-1.9856538
video_raw,video_tok_5,-3.2096934,-3.6604037,-1.6692964
video_raw,video_tok_5,-2.7347357,-3.2452676,-1.5582052
video_raw,video_tok_5,-2.696102,-3.1744428,-1.5706143
video_raw,video_tok_5,-2.5105834,-3.0296192,-1.2901571
video_raw,video_tok_5,-2.4922037,-3.0965383,-1.0780683
video_raw,video_tok_5,-2.678915,-3.2210846,-0.9386626
video_raw,video_tok_5,-2.5117602,-2.9276037,-1.2549886
video_raw,video_tok_5,-2.706419,-2.8108997,-1.2195364
video_raw,video_tok_5,-2.7430563,-2.6273773,-1.5908023
video_raw,video_tok_5,-3.0367815,-3.6608744,-1.4084505
video_raw,video_tok_5,-2.8811412,-3.4058025,-1.3274372
video_raw,video_tok_5,-3.419121,-3.9599624,-2.1983035
video_raw,video_tok_5,-3.0708032,-3.8202724,-2.6744778
video_raw,video_tok_5,-3.419394,-4.3522563,-2.802465
video_raw,video_tok_5,-3.225523,-4.1295524,-2.5765266
video_raw,video_tok_5,-3.037133,-4.079673,-2.6518373
video_raw,video_tok_5,-3.0176346,-3.9448252,-2.639192
video_raw,video_tok_5,-2.65285,-3.4724882,-2.4056313
video_raw,video_tok_5,-2.8261065,-3.4237099,-1.8883834
video_raw,video_tok_5,-2.5919316,-3.699192,-1.7035544
video_raw,video_tok_5,-2.1624646,-3.5851655,-1.3402374
video_raw,video_tok_5,-2.1089928,-3.390978,-1.8646251
video_raw,video_tok_5,-2.3200972,-3.906549,-1.9013371
video_raw,video_tok_5,-2.3754184,-4.268602,-0.89406735
video_raw,video_tok_5,-1.7016063,-3.5478978,-0.6757741
video_raw,video_tok_5,-1.5342916,-3.3657858,-1.0614854
video_raw,video_tok_5,-1.196609,-3.0924945,-0.5546494
video_raw,video_tok_5,-1.1764538,-2.995447,-0.1845671
video_raw,video_tok_5,-1.0980226,-2.772789,0.10907366
video_raw,video_tok_5,-0.78582704,-2.3873467,-0.16428646
video_raw,video_tok_5,-1.01109,-2.5806842,-0.25146002
video_raw,video_tok_5,-1.0558782,-2.3210108,-0.044398483
video_raw,video_tok_5,-0.9607728,-1.9326453,-0.21053047
video_raw,video_tok_5,-0.73428404,-2.0364923,-0.0863575
video_raw,video_tok_5,-0.8939363,-2.3678262,0.09045804
video_raw,video_tok_5,-1.1761323,-2.6280339,0.31957987
video_raw,video_tok_5,-1.0122836,-2.8855922,-0.17561466
video_raw,video_tok_5,-1.3428758,-3.5930572,0.030722115
video_raw,video_tok_5,-1.5274999,-3.7255933,-0.39526746
video_raw,video_tok_5,-2.038897,-3.9586964,0.44245672
video_raw,video_tok_5,-1.9546082,-3.6286411,0.32489464
video_raw,video_tok_5,-1.9836853,-3.7457,0.6862021
video_raw,video_tok_5,-1.5265088,-3.2499728,0.6351958
video_raw,video_tok_5,-1.7263618,-3.1687381,0.496324
video_raw,video_tok_5,-1.4014496,-3.1002007,0.021181274
video_raw,video_tok_5,-1.2854786,-3.0314531,-0.011816974
video_raw,video_tok_5,-0.9127603,-2.5930467,-0.10752051
video_raw,video_tok_5,-0.9775964,-2.899206,0.29267853
video_raw,video_tok_5,-0.980454,-3.0194945,0.01645324
video_raw,video_tok_5,-0.99485934,-3.1470711,-0.1009508
video_raw,video_tok_5,-0.7731625,-2.7695093,-0.52763206
video_raw,video_tok_5,-1.287011,-3.1132693,-0.9035214
video_raw,video_tok_5,-1.5751054,-3.5020833,-1.1560229
video_raw,video_tok_5,-1.6214771,-3.8556032,-1.0383302
video_raw,video_tok_5,-1.6115825,-3.5060601,-1.4763283
video_raw,video_tok_5,-1.6850878,-3.3113668,-1.4256479
video_raw,video_tok_5,-1.7155216,-3.334941,-1.7992951
video_raw,video_tok_5,-1.4534314,-3.06689,-1.4205388
video_raw,video_tok_5,-1.438789,-3.1169767,-1.4797894
video_raw,video_tok_5,-1.6753011,-3.1167266,-1.5203217
video_raw,video_tok_5,-1.5550594,-2.8548176,-1.9459542
video_raw,video_tok_5,-1.7514052,-3.0872016,-1.1836096
video_raw,video_tok_5,-1.549438,-2.659332,-1.4481586
video_raw,video_tok_5,-1.543072,-2.8221173,-1.747425
video_raw,video_tok_5,-1.3464596,-2.6452532,-1.8483295
video_raw,video_tok_3,-1.3614918,-2.6063561,-1.6961578
video_raw,video_tok_3,-1.133651,-2.5073135,-2.2123005
video_raw,video_tok_3,-1.3755076,-2.7354226,-2.0742757
video_raw,video_tok_3,-0.9322989,-2.245717,-2.325583
video_raw,video_tok_3,-0.8102019,-1.88214,-1.9508089
video_raw,video_tok_3,-0.9017002,-1.2263428,-1.5202572
video_raw,video_tok_3,-0.66962254,-0.37098986,-1.6062332
video_raw,video_tok_3,-0.78889745,-0.5589919,-1.2366911
video_raw,video_tok_3,-0.7182957,-0.6352704,-0.9464102
video_raw,video_tok_3,-0.42338765,-0.531343,-1.4809896
video_raw,video_tok_3,-0.8311613,-1.3586203,-0.85505104
video_raw,video_tok_3,-0.4611885,-1.1416005,-1.4293636
video_raw,video_tok_3,-0.9444903,-1.7655725,-0.8267101
video_raw,video_tok_3,-0.68427235,-1.323203,-0.8905322
video_raw,video_tok_3,-0.82848835,-1.3526428,-0.6308535
video_raw,video_tok_3,-0.94148463,-1.5131377,-1.183281
video_raw,video_tok_3,-0.77867556,-1.1113051,-1.0333346
video_raw,video_tok_3,-0.9015293,-1.1636093,-1.0499738
video_raw,video_tok_3,-1.1371734,-1.6828603,-1.5682056
video_raw,video_tok_3,-1.3046846,-1.7827058,-1.3754958
video_raw,video_tok_3,-1.2336075,-1.7900027,-1.5970205
video_raw,video_tok_3,-1.0608152,-1.7767817,-1.6440076
video_raw,video_tok_3,-1.2505014,-2.0604959,-0.9613798
video_raw,video_tok_3,-1.2111582,-2.1845362,-0.8473107
video_raw,video_tok_3,-1.3676136,-1.8465977,-1.122049
video_raw,video_tok_3,-1.0981823,-1.7561833,-1.3714222
video_raw,video_tok_3,-1.1004628,-1.6533118,-1.0911098
video_raw,video_tok_3,-1.1587946,-1.7615587,-1.6181899
video_raw,video_tok_3,-1.072969,-1.6549007,-1.4844122
video_raw,video_tok_3,-1.031352,-1.6592115,-1.5670975
video_raw,video_tok_3,-0.8307479,-1.2641925,-1.759448
video_raw,video_tok_3,-0.8896431,-1.5550541,-1.6398803
video_raw,video_tok_3,-0.9022349,-1.4005059,-1.4136772
video_raw,video_tok_3,-0.79298425,-0.7318906,-1.3926464
video_raw,video_tok_3,-0.90288603,-1.2078958,-1.4966084
video_raw,video_tok_3,-0.69704735,-0.89218754,-0.64105314
video_raw,video_tok_3,-0.9936899,-1.1176864,-0.60585207
video_raw,video_tok_3,-0.6729687,-0.5802208,-0.9853148
video_raw,video_tok_3,-0.66854084,-0.50874424,-0.7704546
video_raw,video_tok_3,-0.69116426,-0.7824493,-0.82370645
video_raw,video_tok_3,-0.89341396,-0.18499365,-0.3961131
video_raw,video_tok_3,-0.5698796,-0.038679868,-0.55745083
video_raw,video_tok_3,-0.46430054,0.09001544,-1.2547559
video_raw,video_tok_3,-0.4266073,-0.029396508,-1.3451284
video_raw,video_tok_3,-0.5475594,-0.14874366,-0.28782758
video_raw,video_tok_3,-0.02781572,0.7451998,-0.1648249
video_raw,video_tok_3,0.04151888,0.7146397,0.25636354
video_raw,video_tok_3,0.15076035,0.9580957,0.20625773
video_raw,video_tok_3,-0.053641547,0.7783232,-0.218523
video_raw,video_tok_3,-0.024110114,0.72380316,0.08327655
video_raw,video_tok_3,-0.60234183,0.27690482,-0.3848141
video_raw,video_tok_3,-0.7754549,0.06208697,-0.60639405
video_raw,video_tok_3,-1.015714,0.37932375,-0.14284888
video_raw,video_tok_3,-0.7420079,0.09060733,-0.41011092
video_raw,video_tok_3,-0.63727725,0.019352283,-0.5637395
video_raw,video_tok_3,-0.32736686,0.80004495,-0.6881393
video_raw,video_tok_3,-0.3921504,0.62781245,-0.9708936
video_raw,video_tok_3,-0.33086497,0.48065257,-0.75296056
video_raw,video_tok_3,-1.0438892,-0.576474,-1.6388469
video_raw,video_tok_3,-1.1588849,-0.6539535,-0.57549614
video_raw,video_tok_3,-1.4991305,-0.95839524,-0.44939032
video_raw,video_tok_3,-1.4189546,-1.142667,-0.9678996
video_raw,video_tok_3,-1.982095,-1.6430477,-0.8756729
video_raw,video_tok_3,-1.8189878,-1.3123878,-1.8986235
video_raw,video_tok_3,-1.9832414,-1.2122369,-1.8684484
video_raw,video_tok_3,-2.4484947,-1.3775074,-2.3857746
video_raw,video_tok_3,-2.415834,-1.6884142,-2.2966702
video_raw,video_tok_3,-1.7411025,-1.0208527,-1.9090006
video_raw,video_tok_3,-1.516581,-1.0961373,-1.7145371
video_raw,video_tok_3,-1.2304592,-0.8409408,-2.05991
video_raw,video_tok_3,-1.3954176,-1.0494298,-1.6600617
video_raw,video_tok_3,-0.96847856,-0.88939273,-2.075001
video_raw,video_tok_3,-1.0799063,-1.1948118,-1.6309941
video_raw,video_tok_3,-1.028581,-1.0813549,-1.8844512
video_raw,video_tok_3,-1.1215549,-1.1679543,-1.6979678
video_raw,video_tok_3,-0.96715283,-1.4140538,-1.3803878
video_raw,video_tok_3,-0.8490159,-1.5090865,-1.2721331
video_raw,video_tok_3,-1.0356354,-1.0236734,-1.3026625
video_raw,video_tok_3,-1.0879312,-1.2435341,-0.9701961
video_raw,video_tok_3,-0.9389948,-1.4714587,-1.1106899
video_raw,video_tok_3,-1.0505106,-1.5457577,-0.85480714
video_raw,video_tok_3,-1.1507875,-0.91048455,-1.3474988
video_raw,video_tok_3,-1.189574,-1.5104625,-1.9669967
video_raw,video_tok_3,-1.0658002,-1.6346489,-2.0590587
video_raw,video_tok_3,-1.1006043,-1.2257527,-1.5521022
video_raw,video_tok_3,-1.0149076,-0.75483495,-1.3307106
video_raw,video_tok_3,-1.1482477,-1.0687286,-1.4284163
video_raw,video_tok_3,-1.2881343,-1.198606,-1.1000558
video_raw,video_tok_3,-1.4136965,-1.2106212,-1.2192546
video_raw,video_tok_3,-1.465318,-1.0944824,-0.9509025
video_raw,video_tok_3,-1.2672132,-1.1543616,-0.8454443
video_raw,video_tok_3,-0.6851628,-0.6306626,-1.4406308
video_raw,video_tok_3,-0.69312334,-0.7965373,-0.8568156
video_raw,video_tok_3,-0.80979466,-0.7812306,-0.3139846
video_raw,video_tok_3,-0.8266694,-0.4800839,-1.0335891
video_raw,video_tok_3,-0.54306823,0.1662468,-0.7973288
video_raw,video_tok_3,-0.81614196,0.45352095,-0.9868822
video_raw,video_tok_3,-0.46186578,0.33886468,-0.7787805
video_raw,video_tok_3,-0.48237777,0.787763,-0.56349057
video_raw,video_tok_3,-0.34329414,0.9544423,-0.6060478
video_raw,video_tok_3,-0.47590333,0.9258395,-1.0445204
video_raw,video_tok_3,-0.09162254,0.956523,-0.81710273
video_raw,video_tok_3,-0.63364536,0.8663079,-0.80073065
video_raw,video_tok_3,-0.1886898,1.1044432,-0.33612064
video_raw,video_tok_3,0.0549422,1.0618466,-0.50335604
video_raw,video_tok_3,0.17298017,0.97707385,-0.42557916
video_raw,video_tok_3,0.3058086,1.1720665,-0.48668644
video_raw,video_tok_3,-0.014212003,0.6861556,-0.8405502
video_raw,video_tok_3,-0.17879137,0.45559046,-1.2649897
video_raw,video_tok_3,-1.0887319,0.1364668,-1.57237
video_raw,video_tok_3,-1.457785,-0.33823773,-1.422227
video_raw,video_tok_3,-1.6767309,-0.4958388,-1.2597513
video_raw,video_tok_3,-1.719819,-0.6700763,-0.8799553
video_raw,video_tok_3,-1.6389949,-0.6476516,-1.089422
video_raw,video_tok_3,-1.4492853,-0.60696906,-1.4002534
video_raw,video_tok_3,-1.1670899,-0.057333205,-0.40660006
video_raw,video_tok_3,-1.2255063,-0.3909482,-1.5629573
video_raw,video_tok_3,-1.2694967,-0.45486385,-1.978612
video_raw,video_tok_3,-1.4714438,-0.9279198,-3.0846252
video_raw,video_tok_3,-0.9940054,-0.49993825,-2.8529775
video_raw,video_tok_3,-1.5598087,-0.6501239,-3.0427284
video_raw,video_tok_3,-1.4041891,-0.7443804,-3.0656898
video_raw,video_tok_3,-1.5405779,-0.7595406,-2.3499951
video_raw,video_tok_3,-1.3812065,-0.4475241,-3.1916595
video_raw,video_tok_3,-1.4467162,-0.061699923,-2.310709
video_raw,video_tok_3,-1.5725513,-0.26950398,-1.2882087
video_raw,video_tok_3,-1.4728352,0.0011382069,-1.1524725
video_raw,video_tok_3,-1.162643,0.16383487,-0.68652916
video_raw,video_tok_3,-1.4004562,0.016291957,-0.30898112
video_raw,video_tok_3,-1.399919,-0.13852933,-0.40582252
video_raw,video_tok_3,-1.0266744,0.38108212,-0.14773901
video_raw,video_tok_3,-0.70859194,0.5474278,-0.26976076
video_raw,video_tok_3,-0.5864839,0.84148127,0.005295266
video_raw,video_tok_3,-0.9068868,0.6986535,-0.20271567
video_raw,video_tok_3,-0.5169811,1.2776294,0.24757603
video_raw,video_tok_3,-0.027708208,1.947615,-0.20728263
video_raw,video_tok_3,-0.6909709,1.2682726,-0.24369594
video_raw,video_tok_3,0.03827619,1.8380653,-0.2496194
video_raw,video_tok_3,-0.15315057,1.7124964,-0.5048371
video_raw,video_tok_3,-0.3638151,1.4819262,-0.008240427
video_raw,video_tok_3,-0.7130444,1.0471982,-0.24836382
video_raw,video_tok_3,-0.4325379,1.4108387,-0.703336
video_raw,video_tok_3,-0.95970714,0.7840534,-0.9959234
video_raw,video_tok_3,-0.52099156,1.032739,-1.31173
video_raw,video_tok_3,-0.39292985,0.7369936,-0.64987415
video_raw,video_tok_3,-0.96746105,0.004664507,-0.7018289
video_raw,video_tok_3,-1.1785303,-0.19844636,-0.63008714
video_raw,video_tok_3,-0.67837644,0.2878311,-0.8007161
video_raw,video_tok_3,-0.4815933,0.30440784,-0.33916622
video_raw,video_tok_3,-0.64121115,0.18268347,-0.7246677
video_raw,video_tok_3,-0.56579155,0.51536113,-1.194458
video_raw,video_tok_3,-1.078581,-0.3307843,-0.85780865
video_raw,video_tok_3,-1.3288808,-0.59013844,-0.95158404
video_raw,video_tok_3,-1.1004946,-0.18756524,-1.2975636
video_raw,video_tok_3,-1.1575398,-0.29346713,-1.4382833
video_raw,video_tok_3,-1.3207295,-0.49760488,-0.99940306
video_raw,video_tok_3,-1.4735432,-0.66562873,-0.84869134
video_raw,video_tok_3,-1.3396888,-0.4132885,-0.32639298
video_raw,video_tok_0,-1.0058984,0.44948128,0.5882916
video_raw,video_tok_0,-0.19900951,2.0826616,1.5518292
video_raw,video_tok_0,0.46653736,2.7456455,2.4242387
video_raw,video_tok_0,0.3490122,2.33706,2.4811254
video_raw,video_tok_0,1.090718,2.9884715,2.0220656
video_raw,video_tok_3,-0.08982924,1.4552854,0.5518909
video_raw,video_tok_3,-0.26506284,0.99782985,0.59262544
video_raw,video_tok_3,-0.52154386,0.51796883,-0.75316614
video_raw,video_tok_3,-1.3386226,0.5962801,-0.47900835
video_raw,video_tok_3,-1.5018486,0.53134376,-1.0201889
video_raw,video_tok_3,-1.7278719,0.86855686,-0.18020317
video_raw,video_tok_3,-0.7604586,1.8911389,-0.5955919
video_raw,video_tok_3,-1.2533562,1.5334572,-0.84156394
video_raw,video_tok_2,-1.0768025,1.9637446,-1.6110212
video_raw,video_tok_2,-1.0434035,2.3112087,-1.3237848
video_raw,video_tok_2,-0.6629589,3.1137433,-1.5668157
video_raw,video_tok_2,-1.1131873,2.7119718,-1.7559401
video_raw,video_tok_2,-0.71182734,2.872912,-1.5595504
video_raw,video_tok_2,-0.38728034,2.9287143,-1.433734
video_raw,video_tok_2,-0.31473503,2.8234437,-1.0826651
video_raw,video_tok_2,-0.23067388,2.5817475,-0.8154429
video_raw,video_tok_2,-0.46305072,2.2621565,-0.8881346
video_raw,video_tok_2,-0.5677111,2.0718775,-0.373467
video_raw,video_tok_2,-0.29851514,2.1527057,-0.8032895
video_raw,video_tok_2,-0.32119375,2.2336433,-0.27369857
video_raw,video_tok_2,-0.64251393,1.7651113,-0.20545039
video_raw,video_tok_2,-0.30683565,2.3671122,-0.4026833
video_raw,video_tok_2,-0.21202126,2.4916093,-0.56557447
video_raw,video_tok_2,-0.2359031,2.2363396,-1.0280775
video_raw,video_tok_2,-0.17458767,2.8187346,-1.1024324
video_raw,video_tok_2,-0.3079465,2.6940117,-1.574703
video_raw,video_tok_2,-0.08151401,2.6058817,-2.1972802
video_raw,video_tok_2,-0.7393092,1.9914054,-1.8776537
video_raw,video_tok_2,-0.47293124,1.9233569,-1.3666905
video_raw,video_tok_2,-0.82475,1.6324214,-1.4324678
video_raw,video_tok_2,-0.8530327,1.6717316,-2.0396252
video_raw,video_tok_2,-1.0533007,1.3245456,-2.5336227
video_raw,video_tok_2,-0.85274684,1.2104167,-2.5586655
video_raw,video_tok_2,-0.78905165,1.0202227,-3.0670166
video_raw,video_tok_2,-0.9273154,0.96575177,-3.0751073
video_raw,video_tok_2,-0.548983,1.2327114,-3.076786
video_raw,video_tok_2,-0.7803988,1.7253865,-2.846793
video_raw,video_tok_2,-0.60638356,1.9532672,-3.106394
video_raw,video_tok_2,0.06408823,2.4815927,-3.0320842
video_raw,video_tok_2,-0.30280524,2.6241603,-2.5346532
video_raw,video_tok_2,0.11014228,2.9848948,-2.7688863
video_raw,video_tok_2,0.3798387,3.5281506,-2.812198
video_raw,video_tok_2,0.5157042,4.056904,-1.9372443
video_raw,video_tok_2,0.004932368,3.8302681,-1.422764
video_raw,video_tok_2,0.22897926,4.154822,-1.1224328
video_raw,video_tok_2,0.1625924,3.8163314,-0.52341574
video_raw,video_tok_2,0.28293705,4.1457,-0.39272884
video_raw,video_tok_2,-0.1299811,3.4544058,0.16992179
video_raw,video_tok_2,0.15252064,4.2784033,-0.16455248
video_raw,video_tok_2,-0.16126859,4.021012,0.20223716
video_raw,video_tok_2,0.037173565,4.5214257,-0.047417667
video_raw,video_tok_2,-0.0792617,4.5095096,0.009890352
video_raw,video_tok_2,-0.09191234,4.4736667,-0.27918348
video_raw,video_tok_2,0.17277741,4.258804,-0.6240794
video_raw,video_tok_2,0.07841947,3.8867984,-0.5207885
video_raw,video_tok_2,0.020765448,3.6454444,-0.88573915
video_raw,video_tok_2,0.19719942,3.2449708,-0.7686418
video_raw,video_tok_2,0.23455623,2.901585,-1.4998087
video_raw,video_tok_2,0.22412622,2.696649,-0.8830912
video_raw,video_tok_2,-0.058613244,2.844648,-0.8154569
video_raw,video_tok_2,0.009419316,2.5251722,-1.2180074
video_raw,video_tok_2,-0.03441042,2.8334126,-1.5329603
video_raw,video_tok_2,0.09987163,3.1279607,-1.1247145
video_raw,video_tok_2,0.02289703,3.1934495,-1.4305727
video_raw,video_tok_2,0.32144797,3.6735272,-1.3296294
video_raw,video_tok_2,0.27613187,4.1132073,-1.8464062
video_raw,video_tok_2,0.19141391,3.6586075,-1.3976883
video_raw,video_tok_2,-0.0659541,4.111675,-1.1654108
video_raw,video_tok_2,0.24731201,3.9954689,-0.8740819
video_raw,video_tok_2,0.40288714,4.9856153,-1.3468314
video_raw,video_tok_2,0.41039628,5.3839536,-0.5490531
video_raw,video_tok_2,0.29063556,5.2267127,-0.011167075
video_raw,video_tok_2,0.35660183,6.1753416,-0.016771343
video_raw,video_tok_2,0.50746644,6.2519956,-0.40359983
video_raw,video_tok_2,0.54534554,6.280586,-1.3606604
video_raw,video_tok_2,0.9713639,6.3492684,-0.8903089
video_raw,video_tok_2,0.910914,7.180427,-0.9867687
video_raw,video_tok_2,1.192651,8.002854,-0.028991308
video_raw,video_tok_2,1.5137467,8.982875,0.39928845
video_raw,video_tok_2,1.6694548,8.810898,-0.010592069
video_raw,video_tok_6,13.714508,19.026628,-21.440714
video_raw,video_tok_4,26.057806,27.65824,-12.984161
video_raw,video_tok_7,39.223324,8.589043,-8.112949
video_raw,video_tok_1,42.673058,-7.6700025,-1.2841178
video_raw,video_tok_1,42.957935,-10.692708,0.6325745
video_raw,video_tok_1,43.72729,-10.215123,1.6020044
video_raw,video_tok_1,43.869602,-9.789903,1.3550383
video_raw,video_tok_1,44.13387,-9.723493,1.4035335
video_raw,video_tok_1,44.079807,-10.15765,1.6795863
